,p_val,avg_log2FC,pct.1,pct.2,p_val_adj,cluster,gene
Pclaf.2,0,2.72283533347601,0.938,0.075,0,Transit,Pclaf
Hist1h2ap.2,0,2.41234901741357,0.724,0.04,0,Transit,Hist1h2ap
Birc5.2,0,2.28357257079409,0.943,0.073,0,Transit,Birc5
Hist1h1b,0,2.19040015902124,0.719,0.02,0,Transit,Hist1h1b
Nusap1,0,1.55663591080662,0.814,0.017,0,Transit,Nusap1
Spc24.1,0,1.45555189224479,0.881,0.075,0,Transit,Spc24
Rrm2,0,1.42133796823812,0.69,0.03,0,Transit,Rrm2
Cdca3.1,0,1.41513809230051,0.857,0.054,0,Transit,Cdca3
Prc1,0,1.41094784025359,0.776,0.02,0,Transit,Prc1
Ccna2.1,0,1.40766939201239,0.838,0.028,0,Transit,Ccna2
Cenpf,0,1.35993902893413,0.695,0.033,0,Transit,Cenpf
Kif11,0,1.28096148186626,0.776,0.019,0,Transit,Kif11
Hmmr,0,1.15423309346027,0.71,0.021,0,Transit,Hmmr
Tpx2,0,1.14702413363823,0.771,0.046,0,Transit,Tpx2
Knl1,0,1.06930027085558,0.781,0.027,0,Transit,Knl1
Kif15,0,1.01424064834193,0.748,0.028,0,Transit,Kif15
Ccnb1,0,0.991389770364618,0.614,0.019,0,Transit,Ccnb1
Spc25,0,0.905041914546224,0.71,0.028,0,Transit,Spc25
Bub1b,0,0.890745752048347,0.743,0.043,0,Transit,Bub1b
Kif22,0,0.850903373739729,0.676,0.021,0,Transit,Kif22
Hist1h3c,0,0.840523880717192,0.533,0.006,0,Transit,Hist1h3c
Pbk,0,0.835415711216344,0.633,0.015,0,Transit,Pbk
Hist1h2ab,0,0.801132696823124,0.49,0.006,0,Transit,Hist1h2ab
Esco2,0,0.790553689859053,0.614,0.01,0,Transit,Esco2
Plk1,0,0.727368196986875,0.557,0.01,0,Transit,Plk1
Shcbp1,0,0.720292834397453,0.643,0.022,0,Transit,Shcbp1
Aspm,0,0.668324448139853,0.514,0.012,0,Transit,Aspm
Ncaph,0,0.635132769953937,0.605,0.021,0,Transit,Ncaph
Bub1,0,0.632374208543673,0.567,0.019,0,Transit,Bub1
Ska1,0,0.61417340066268,0.543,0.015,0,Transit,Ska1
Nuf2,0,0.58005473874443,0.571,0.016,0,Transit,Nuf2
Iqgap3,0,0.524187153374932,0.471,0.008,0,Transit,Iqgap3
Mxd3,0,0.492669903197684,0.467,0.005,0,Transit,Mxd3
Neil3,0,0.45337654749021,0.452,0.007,0,Transit,Neil3
Cdk1.1,1.92248313623379e-300,1.49451104063683,0.81,0.061,2.82662695520454e-296,Transit,Cdk1
Kif4,2.3396985168128e-300,0.590912327368696,0.524,0.015,3.44005872926985e-296,Transit,Kif4
Ncapg,6.86264731307429e-300,0.573981062500356,0.538,0.016,1.00901503444131e-295,Transit,Ncapg
Fbxo5,1.80026541281489e-295,0.604008289467203,0.49,0.012,2.64693023646173e-291,Transit,Fbxo5
Top2a.3,7.1787267998293e-294,2.69732711460866,0.89,0.089,1.0554882013789e-289,Transit,Top2a
Ube2c.2,1.40404386500779e-293,2.52784381566601,0.857,0.074,2.06436569472095e-289,Transit,Ube2c
Aurkb,5.01526782741283e-289,1.16553733490206,0.767,0.055,7.37394828664509e-285,Transit,Aurkb
Melk,2.94404635563814e-284,0.652433496361748,0.562,0.022,4.32863135669476e-280,Transit,Melk
Cdca5,3.14646152155393e-281,0.464393761302955,0.462,0.011,4.62624237514075e-277,Transit,Cdca5
Cenpe,1.05362039769603e-279,1.08546396464174,0.733,0.05,1.54913807073247e-275,Transit,Cenpe
Foxm1,4.19660363667425e-277,0.539473012964836,0.49,0.014,6.17026632700215e-273,Transit,Foxm1
Sgo1,1.45637616577218e-275,0.415602680537939,0.433,0.009,2.14130987653483e-271,Transit,Sgo1
Depdc1a,2.65603502849855e-269,0.407943038741873,0.4,0.007,3.90516830240143e-265,Transit,Depdc1a
Cdca8.1,3.49310666594423e-265,1.49437883018899,0.871,0.091,5.1359147309378e-261,Transit,Cdca8
Sgo2a,3.29762676035432e-264,0.454398968533537,0.462,0.013,4.84850062574896e-260,Transit,Sgo2a
Kifc1,1.64371492125721e-263,0.381699315532728,0.438,0.011,2.41675404872448e-259,Transit,Kifc1
Cdc20,6.88045533631657e-257,1.03835511549715,0.595,0.031,1.01163334809863e-252,Transit,Cdc20
Ccnb2.1,7.12329279629491e-257,1.4626364659079,0.819,0.072,1.04733773983924e-252,Transit,Ccnb2
Hist1h2ae.2,5.7041735097502e-252,2.53960784502009,0.748,0.067,8.38684631138572e-248,Transit,Hist1h2ae
Cep55,7.20513125950214e-249,0.633463123958969,0.514,0.021,1.0593704490846e-244,Transit,Cep55
Asf1b,1.79891720571992e-248,1.05716547194923,0.776,0.07,2.64494796757e-244,Transit,Asf1b
Kif20a,2.71400516670577e-243,0.542074171995875,0.481,0.018,3.99040179660749e-239,Transit,Kif20a
Ncapd2,1.04545957563402e-240,0.709871045919141,0.643,0.043,1.5371392140547e-236,Transit,Ncapd2
Mki67.3,2.5892586859102e-238,2.23855042291392,0.924,0.132,3.80698704589376e-234,Transit,Mki67
Dlgap5,1.00860577750455e-235,0.704267323849196,0.605,0.038,1.48295307466493e-231,Transit,Dlgap5
Ccnf,4.62094204917104e-233,0.405537339649082,0.433,0.014,6.79417109489618e-229,Transit,Ccnf
Hist1h2af,1.79918987306044e-232,0.292337337086393,0.286,0.002,2.64534887036077e-228,Transit,Hist1h2af
Cit,1.21740387135178e-229,0.625440287448792,0.538,0.028,1.78994891204852e-225,Transit,Cit
Ndc80,2.84385362782546e-229,0.799327308054895,0.605,0.04,4.18131798899178e-225,Transit,Ndc80
Kif18b,5.90319788288437e-229,0.268165121899647,0.305,0.003,8.67947184720489e-225,Transit,Kif18b
Anln,1.49797030942812e-227,0.679755525705825,0.595,0.038,2.20246574595217e-223,Transit,Anln
Aurka,5.79351569564041e-223,0.536070642519263,0.505,0.025,8.5182061273001e-219,Transit,Aurka
Mis18bp1,1.30910955824473e-219,0.718959233901719,0.557,0.034,1.92478378348723e-215,Transit,Mis18bp1
Spag5,5.47304565175955e-219,0.369618686847845,0.381,0.01,8.04701902178207e-215,Transit,Spag5
Cdca2,1.13535745024702e-218,0.297815926683126,0.333,0.006,1.66931605909819e-214,Transit,Cdca2
Kif20b,1.16485688832479e-218,0.706560213355192,0.581,0.038,1.71268908290393e-214,Transit,Kif20b
Tacc3,1.70894482810169e-217,0.932563921405383,0.786,0.085,2.51266158075791e-213,Transit,Tacc3
Prr11,4.6148853140785e-210,0.365787504449993,0.348,0.008,6.78526587728962e-206,Transit,Prr11
Ckap2l,2.74838018030901e-209,0.915406750271242,0.719,0.07,4.04094337910834e-205,Transit,Ckap2l
Incenp.1,1.055621104165e-208,0.97625459991241,0.757,0.081,1.5520797094538e-204,Transit,Incenp
Cdkn3,1.87199993179386e-205,0.983214081997665,0.643,0.054,2.75240149971652e-201,Transit,Cdkn3
Mad2l1,2.87145470023489e-205,0.749118788638046,0.671,0.061,4.22189984575536e-201,Transit,Mad2l1
Ttk,4.22465604767901e-204,0.287912177141774,0.324,0.007,6.21151178690245e-200,Transit,Ttk
Kif2c,5.35381994074866e-202,0.439482701433769,0.419,0.017,7.87172145888275e-198,Transit,Kif2c
Pimreg,5.15367969390803e-200,0.415985613413656,0.367,0.011,7.57745525395298e-196,Transit,Pimreg
Ckap2,6.17260825623197e-200,0.529691581924572,0.457,0.023,9.07558591913786e-196,Transit,Ckap2
Rad51ap1,3.07326960743391e-198,0.606720275930291,0.529,0.034,4.51862830381007e-194,Transit,Rad51ap1
Cenpw,1.7270757064357e-196,0.782202943537527,0.752,0.084,2.53931941117241e-192,Transit,Cenpw
Cenpm,2.62657146704128e-193,0.6014660831522,0.614,0.051,3.8618480279908e-189,Transit,Cenpm
Clspn,9.48966037436379e-187,0.638744373182778,0.533,0.038,1.39526476484271e-182,Transit,Clspn
Mtfr2,1.50163751375401e-186,0.293347746490165,0.338,0.01,2.20785763647252e-182,Transit,Mtfr2
Ube2t,1.68566110035692e-185,0.540912050717768,0.562,0.044,2.47842751585478e-181,Transit,Ube2t
Kif23,6.1006019492899e-185,1.0070982652501,0.786,0.105,8.96971504604094e-181,Transit,Kif23
Ect2,1.26314026586058e-183,0.441020381870471,0.41,0.019,1.8571951328948e-179,Transit,Ect2
Mns1,1.45871797646177e-180,0.436106362980501,0.357,0.013,2.14475304079173e-176,Transit,Mns1
Diaph3,9.66817671118494e-177,0.64028356415373,0.571,0.049,1.42151202184552e-172,Transit,Diaph3
Racgap1,1.10472092214283e-173,1.23511636501993,0.852,0.151,1.62427117182661e-169,Transit,Racgap1
Cip2a,3.39976195788213e-171,0.533380688742274,0.467,0.031,4.9986700066741e-167,Transit,Cip2a
Smc2.2,5.46542361684742e-171,1.60364533711264,0.914,0.191,8.03581234385076e-167,Transit,Smc2
Ska3,3.71160971680315e-170,0.263093798720952,0.286,0.007,5.45717976661567e-166,Transit,Ska3
Stmn1.1,1.16163613980165e-169,2.78373095991568,0.99,0.275,1.70795361635036e-165,Transit,Stmn1
Stil,1.32146839342002e-167,0.254797070990129,0.305,0.009,1.94295497884546e-163,Transit,Stil
Hist1h3f,1.6206321568352e-167,0.419231662560636,0.271,0.006,2.38281546019479e-163,Transit,Hist1h3f
Hist1h1e.1,1.59334627145564e-163,1.49941670351651,0.733,0.109,2.34269702292123e-159,Transit,Hist1h1e
Nek2,6.72968644260127e-162,0.29261367202041,0.29,0.008,9.89465797655665e-158,Transit,Nek2
Cenph,1.22246451468437e-161,0.448289701956421,0.467,0.033,1.79738957594044e-157,Transit,Cenph
H2afx.1,5.42555074989876e-159,1.95375588092188,0.886,0.208,7.97718726757615e-155,Transit,H2afx
Hist1h4d,1.19799092151295e-158,1.13982717625233,0.638,0.077,1.76140605190049e-154,Transit,Hist1h4d
Cks1b.1,8.15844656303238e-156,1.56960393741564,0.938,0.229,1.19953639816265e-151,Transit,Cks1b
Rrm1.2,2.51849470782846e-152,1.16551322580806,0.848,0.164,3.70294276892018e-148,Transit,Rrm1
Cenpp,4.40356383663431e-152,0.367274276906497,0.4,0.024,6.47455990900343e-148,Transit,Cenpp
Hist2h2ac,5.36185231624282e-152,0.633048899542333,0.462,0.037,7.88353146057182e-148,Transit,Hist2h2ac
E2f8,5.25902669655583e-151,0.547915677610353,0.51,0.046,7.73234695194603e-147,Transit,E2f8
Cenpn,1.62378283243262e-149,0.356448952759244,0.371,0.021,2.38744789852567e-145,Transit,Cenpn
Tyms,3.65159969375855e-147,1.03107977180331,0.729,0.114,5.3689470297332e-143,Transit,Tyms
Rad51,2.69043660744182e-141,0.418991464463077,0.443,0.035,3.9557489439217e-137,Transit,Rad51
Tk1,7.94249017044845e-140,0.921310601705098,0.643,0.088,1.16778432976104e-135,Transit,Tk1
Plk4,9.73216049507632e-140,0.580332649496617,0.638,0.084,1.43091955759107e-135,Transit,Plk4
Hist1h1a,1.27775347647117e-138,0.260088590598717,0.233,0.006,1.87868093645556e-134,Transit,Hist1h1a
Hmgb3,8.18546143229824e-138,0.543838348931694,0.543,0.059,1.20350839439081e-133,Transit,Hmgb3
Bard1,3.25278717753314e-137,0.325920945741473,0.367,0.023,4.78257298712698e-133,Transit,Bard1
Lrr1,6.07030976835433e-133,0.259475803627332,0.276,0.011,8.92517645241137e-129,Transit,Lrr1
Cenpk,7.50867258258139e-133,0.406429223228608,0.462,0.042,1.10400012981694e-128,Transit,Cenpk
Cdc45,8.10998264430048e-133,0.442493915439796,0.481,0.046,1.1924107481915e-128,Transit,Cdc45
Hmgb2.3,1.48736920993009e-130,3.3415481283414,1,0.73,2.18687894936022e-126,Transit,Hmgb2
Brip1,7.92183414931162e-128,0.381342020202871,0.4,0.032,1.16474727497329e-123,Transit,Brip1
Pkmyt1,8.63245944231186e-128,0.40645732101726,0.452,0.042,1.26923051180311e-123,Transit,Pkmyt1
Ccdc34.1,9.57688939205926e-127,1.06361128860235,0.857,0.198,1.40809004731447e-122,Transit,Ccdc34
Ezh2,3.17991904171511e-125,1.10078987660315,0.824,0.192,4.67543496703372e-121,Transit,Ezh2
Hist1h1d,1.86325641413627e-124,0.309697477929928,0.305,0.016,2.73954590570456e-120,Transit,Hist1h1d
Cenpq,1.10619517125275e-123,0.645986670001032,0.657,0.101,1.62643876029292e-119,Transit,Cenpq
Knstrn,1.30557349610138e-123,0.736896620684006,0.614,0.09,1.91958471131786e-119,Transit,Knstrn
Dbf4,3.93884866952659e-121,0.763119501227905,0.662,0.11,5.79128919880494e-117,Transit,Dbf4
Poc1a,8.30559212873542e-121,0.306416652891465,0.414,0.037,1.22117121068797e-116,Transit,Poc1a
Uhrf1,2.54146185886057e-119,0.633624968055951,0.586,0.08,3.7367113710827e-115,Transit,Uhrf1
Brca1,3.17541981866096e-119,0.284990598068222,0.324,0.021,4.6688197593772e-115,Transit,Brca1
Hmgn2.1,8.71032464268674e-119,1.76309961686225,0.976,0.443,1.28067903221423e-114,Transit,Hmgn2
Tmpo.2,2.51745155541157e-116,1.74794892717159,0.971,0.479,3.70140902192164e-112,Transit,Tmpo
Cenpa,4.93481881241647e-116,1.53104308069716,0.81,0.198,7.25566409989593e-112,Transit,Cenpa
Mcm10,5.67943007802635e-116,0.263164275408918,0.333,0.023,8.35046604372215e-112,Transit,Mcm10
Hjurp,5.83158125538901e-116,0.743400213705767,0.724,0.135,8.57417391979847e-112,Transit,Hjurp
Spdl1,4.73076944071533e-115,0.400676383278167,0.348,0.026,6.95565030868375e-111,Transit,Spdl1
Smc4.2,1.45116437774704e-112,1.80674634501781,0.914,0.387,2.13364698460147e-108,Transit,Smc4
Lmnb1.1,9.58373027203379e-111,1.28572268324196,0.957,0.363,1.40909586189713e-106,Transit,Lmnb1
Hist1h3e,1.04217632485819e-110,0.357369382079849,0.329,0.024,1.532311850439e-106,Transit,Hist1h3e
Hmgb1,2.69942170293806e-110,1.62562928629679,1,0.945,3.96895972982983e-106,Transit,Hmgb1
Ctsg,9.12260281843332e-110,0.37826039719203,0.171,0.003,1.34129629239425e-105,Transit,Ctsg
Gmnn,4.28559697072107e-109,0.995566520917532,0.795,0.197,6.30111322605119e-105,Transit,Gmnn
Tcf19,9.10863632609418e-109,0.326863918908645,0.367,0.032,1.33924279902563e-104,Transit,Tcf19
Ncapg2,2.17031261439255e-106,0.669146442838526,0.571,0.09,3.19101063694137e-102,Transit,Ncapg2
H2afz.2,6.9502509864372e-105,1.60180798075637,0.99,0.964,1.02189540253586e-100,Transit,H2afz
Ncapd3,8.27540270567013e-105,0.603947975297636,0.619,0.105,1.21673245981468e-100,Transit,Ncapd3
Ercc6l,1.04407122583089e-102,0.300726317631358,0.357,0.032,1.53509792333916e-98,Transit,Ercc6l
Cdc25b,3.21094333061711e-102,0.306585266401945,0.3,0.022,4.72104997900634e-98,Transit,Cdc25b
Atad2,5.14384466279841e-102,1.14426129386915,0.767,0.192,7.56299480771249e-98,Transit,Atad2
H2afv.1,7.86258041987229e-102,1.688661240956,0.971,0.585,1.15603519913382e-97,Transit,H2afv
Fignl1,3.73613549038855e-101,0.352058434180576,0.381,0.038,5.49324001151828e-97,Transit,Fignl1
Fen1,6.24986833994551e-100,0.619468443209992,0.695,0.138,9.18918142022188e-96,Transit,Fen1
Cmc2,6.20581843754926e-99,0.791810613548003,0.8,0.206,9.12441484872868e-95,Transit,Cmc2
Tubb4b.1,1.11278393342191e-98,1.68387382211834,0.938,0.43,1.63612621731023e-94,Transit,Tubb4b
Dnajc9,1.74668252305741e-98,0.837371488173041,0.795,0.2,2.56814731365131e-94,Transit,Dnajc9
Ube2s.1,2.99059722015132e-98,1.66138477962239,0.981,0.734,4.39707509278849e-94,Transit,Ube2s
Ska2,8.34967247178801e-98,0.250681505760632,0.319,0.026,1.22765234352699e-93,Transit,Ska2
Pmf1,1.0320946041629e-96,0.747761657361897,0.752,0.177,1.51748869650072e-92,Transit,Pmf1
Ptma.1,2.57618134181589e-96,1.27989209079685,1,0.992,3.7877594268719e-92,Transit,Ptma
Prtn3.1,1.82254794390343e-95,1.42163150197553,0.333,0.031,2.67969224192121e-91,Transit,Prtn3
Ndc1,1.03684041822313e-94,0.403074259897753,0.486,0.068,1.52446646691346e-90,Transit,Ndc1
Nrm,3.16980328272488e-94,0.761571842199127,0.786,0.201,4.66056176659039e-90,Transit,Nrm
Dut.1,1.04407542474933e-92,1.19957247187345,0.738,0.194,1.53510409700894e-88,Transit,Dut
Trip13,2.18503675008844e-92,0.284297940020619,0.371,0.039,3.21265953365504e-88,Transit,Trip13
Arhgap19,7.75165093064951e-91,0.319852259625321,0.381,0.042,1.1397252363334e-86,Transit,Arhgap19
Mcm7,3.20523844825677e-89,0.762053114201644,0.667,0.148,4.71266209047193e-85,Transit,Mcm7
Ccne2,5.20038562530139e-88,0.347518149080134,0.286,0.024,7.64612698488063e-84,Transit,Ccne2
Hist1h4h,8.85054265851954e-88,0.360592567371415,0.333,0.033,1.30129528708213e-83,Transit,Hist1h4h
E2f2.1,1.23031519840006e-87,0.514806336979466,0.581,0.109,1.80893243620761e-83,Transit,E2f2
Haus4,1.40040423269619e-87,0.443323075276389,0.567,0.102,2.0590143433332e-83,Transit,Haus4
Ccne1,4.83514126012206e-87,0.309546153022204,0.3,0.027,7.10910819475747e-83,Transit,Ccne1
Csrp2,7.4892609319784e-87,0.572192980350799,0.633,0.133,1.10114603482878e-82,Transit,Csrp2
Slc43a3,8.48066854861735e-87,0.26963777617144,0.319,0.03,1.24691269670321e-82,Transit,Slc43a3
Nucks1.1,1.06272429089576e-84,1.27199904800893,0.971,0.651,1.56252352490403e-80,Transit,Nucks1
Selenoh.1,5.5325237805909e-83,1.10141802426697,0.914,0.406,8.1344697146028e-79,Transit,Selenoh
Elane,6.51540216062779e-83,0.881833963299582,0.167,0.006,9.57959579677105e-79,Transit,Elane
Anp32b,1.4053950511563e-82,1.19145932469779,0.986,0.866,2.06635234371511e-78,Transit,Anp32b
Rfc4,3.93367882769966e-82,0.707954819257899,0.667,0.155,5.78368798036681e-78,Transit,Rfc4
Prim1,5.24319886781338e-82,0.497303466670664,0.5,0.086,7.70907529534601e-78,Transit,Prim1
Cdkn2c,5.67630924308597e-82,0.590613602293449,0.6,0.125,8.3458774801093e-78,Transit,Cdkn2c
Cenpl,2.28856954482612e-81,0.325388616399646,0.429,0.06,3.36488380175784e-77,Transit,Cenpl
Ran.1,5.29665575336937e-80,1.12228243822537,0.99,0.864,7.78767295417898e-76,Transit,Ran
Rfc5,1.56689430554994e-79,0.507747471871862,0.6,0.125,2.30380469745007e-75,Transit,Rfc5
Mcm5,2.13537306306949e-79,0.73660001281361,0.705,0.173,3.13963901463107e-75,Transit,Mcm5
Kpna2,2.93770361710859e-79,0.477065422373862,0.452,0.072,4.31930562823476e-75,Transit,Kpna2
Hirip3,8.8139560813607e-79,0.508899178097052,0.538,0.103,1.29591596264246e-74,Transit,Hirip3
Tubb5.3,2.65605453944416e-77,2.10885079268464,0.948,0.799,3.90519698934474e-73,Transit,Tubb5
Rnaseh2b,3.05290334871823e-77,0.657181191214938,0.733,0.203,4.48868379362041e-73,Transit,Rnaseh2b
Mis18a,1.50310187526044e-76,0.576037936031315,0.686,0.171,2.21001068719543e-72,Transit,Mis18a
Tuba1b.3,6.05419675175923e-76,1.75362608204247,0.986,0.837,8.9014854841116e-72,Transit,Tuba1b
Dtl,3.16647261436345e-73,0.313333748155578,0.314,0.036,4.65566468489858e-69,Transit,Dtl
Trim59,1.07565962215333e-72,0.293063281269886,0.338,0.042,1.58154234245204e-68,Transit,Trim59
Topbp1,1.84229588840478e-72,0.617309426735478,0.729,0.201,2.70872764472154e-68,Transit,Topbp1
Cbx5,9.54356260181654e-72,0.627986322192728,0.729,0.205,1.40319000934509e-67,Transit,Cbx5
Cenps,9.68553372789208e-72,0.318541672998893,0.405,0.062,1.42406402401197e-67,Transit,Cenps
Rad21.2,1.41423552905012e-71,0.985192588886915,0.871,0.381,2.07935049836239e-67,Transit,Rad21
Arhgap11a,1.94526277520686e-71,0.563821335938602,0.59,0.136,2.86011985838665e-67,Transit,Arhgap11a
Dhfr,8.54146663705979e-71,0.337804223380884,0.41,0.063,1.2558518396469e-66,Transit,Dhfr
Ckap5,1.13326123256253e-70,0.774758741080562,0.69,0.194,1.66623399023669e-66,Transit,Ckap5
Usp1,1.84509555621673e-70,0.740108734280334,0.8,0.264,2.71284399630545e-66,Transit,Usp1
Chaf1a,5.40369860259614e-70,0.313139963621851,0.381,0.056,7.9450580553971e-66,Transit,Chaf1a
Dek.1,6.17923748553308e-70,1.26953067405014,0.967,0.739,9.08533287497929e-66,Transit,Dek
Lmnb2,8.26805647071644e-70,0.296960911780646,0.381,0.055,1.21565234288944e-65,Transit,Lmnb2
Suv39h1,4.12648791018081e-69,0.296501056728707,0.414,0.066,6.06717517433884e-65,Transit,Suv39h1
Tipin,7.15141380811081e-69,0.797388444542743,0.695,0.205,1.05147237220653e-64,Transit,Tipin
Nrg1,9.95911178081051e-69,0.478737721775938,0.243,0.023,1.46428820513257e-64,Transit,Nrg1
Cbx3.1,3.09625955320849e-68,1.03329118757741,0.952,0.578,4.55243042108245e-64,Transit,Cbx3
Cks2.2,6.27919575085813e-68,1.25446955351149,0.886,0.407,9.2323015124867e-64,Transit,Cks2
Sell.3,1.59409065085115e-67,1.23905106426555,0.452,0.089,2.34379148394645e-63,Transit,Sell
Anp32e.1,1.99454753405235e-67,1.08181954555654,0.957,0.569,2.93258323931716e-63,Transit,Anp32e
Fcnb,2.28639223293422e-67,0.330485066119613,0.124,0.004,3.36168250008318e-63,Transit,Fcnb
Ppia,2.79324556900341e-67,0.789875132090579,1,0.993,4.10690896010572e-63,Transit,Ppia
Atad5,5.34240315567407e-67,0.324241687622146,0.338,0.046,7.85493535978759e-63,Transit,Atad5
Dnmt1,6.67667401487882e-65,0.753366873189321,0.738,0.236,9.81671380407633e-61,Transit,Dnmt1
Lig1.1,2.65775865020964e-64,0.761250546985501,0.595,0.155,3.90770254340323e-60,Transit,Lig1
Lbr.1,9.48893375987031e-64,1.10748550467488,0.905,0.42,1.39515793071373e-59,Transit,Lbr
Ulbp1,2.91048542458605e-63,0.27273474085724,0.343,0.05,4.27928671976886e-59,Transit,Ulbp1
Dnph1,5.00681123317493e-63,0.325325170840016,0.381,0.062,7.36151455613709e-59,Transit,Dnph1
Tubg1,6.91768051966854e-62,0.357950789294099,0.467,0.095,1.01710656680687e-57,Transit,Tubg1
Rbl1,7.26377711616321e-62,0.462510275925221,0.557,0.134,1.06799314938948e-57,Transit,Rbl1
Rangap1,1.7919395432969e-60,0.60793557505218,0.719,0.238,2.63468871050943e-56,Transit,Rangap1
Rnf26,3.69175909512218e-60,0.301675841942665,0.448,0.087,5.42799339755814e-56,Transit,Rnf26
Alyref,9.91321167574424e-60,0.915446109692797,0.943,0.606,1.45753951268468e-55,Transit,Alyref
Lsm2.1,1.14449086904003e-59,0.801843383810864,0.89,0.414,1.68274492474955e-55,Transit,Lsm2
Lsm5,1.23575873173844e-59,0.884532074412999,0.943,0.567,1.81693606327502e-55,Transit,Lsm5
Pola1,1.73802132547466e-59,0.467369642399868,0.51,0.117,2.55541275484539e-55,Transit,Pola1
Nsd2.1,2.1329581977603e-58,0.700319132137951,0.776,0.268,3.13608843816697e-54,Transit,Nsd2
Psat1,1.22111006798067e-56,0.442011432498462,0.514,0.122,1.79539813295198e-52,Transit,Psat1
Zfp367,3.78436464825865e-56,0.307092856629833,0.381,0.068,5.5641513423347e-52,Transit,Zfp367
Slpi.3,9.11255812232341e-56,1.40090381995676,0.419,0.09,1.33981942072521e-51,Transit,Slpi
Itga1.1,1.67878956364485e-55,0.509044989633431,0.3,0.045,2.46832429542702e-51,Transit,Itga1
Cdca4,8.19645436040004e-54,0.291422522650668,0.448,0.095,1.20512468460962e-49,Transit,Cdca4
Snrpd1,1.73738985176984e-53,0.845376672425513,0.957,0.72,2.5544842990572e-49,Transit,Snrpd1
Stk26,1.9000008677585e-53,0.296913870486586,0.238,0.029,2.79357127586532e-49,Transit,Stk26
H3f3a.2,1.92868865626366e-53,0.666111285470553,0.99,0.988,2.83575093130446e-49,Transit,H3f3a
Orc6,4.36809509279608e-53,0.474321361105555,0.581,0.158,6.42241021493808e-49,Transit,Orc6
Hint1.2,5.40562744854055e-53,0.709268461935361,0.986,0.947,7.94789403758917e-49,Transit,Hint1
Cdkn2d.2,2.42373042393955e-52,0.687562770460616,0.819,0.325,3.56361084231832e-48,Transit,Cdkn2d
Anapc5,8.61246675215251e-52,0.765556778500348,0.89,0.5,1.26629098656898e-47,Transit,Anapc5
Rdm1,2.10193929552087e-51,0.469451192164245,0.576,0.16,3.09048134620434e-47,Transit,Rdm1
G2e3,3.77453503091847e-51,0.272620058752003,0.381,0.073,5.54969885595942e-47,Transit,G2e3
Txn1.2,4.21761511333387e-51,0.765345398872468,0.981,0.891,6.20115950113479e-47,Transit,Txn1
Arl6ip1,7.99974590238427e-51,1.14341228354156,0.986,0.857,1.17620264002756e-46,Transit,Arl6ip1
Rnaseh2c.2,2.373946740955e-50,0.833086938581543,0.929,0.519,3.49041389322614e-46,Transit,Rnaseh2c
Nup37,3.23292512818366e-50,0.314309774301471,0.39,0.08,4.75336981596844e-46,Transit,Nup37
Nasp,3.59177971295959e-50,0.707087378462954,0.81,0.351,5.28099371196449e-46,Transit,Nasp
Reep4,1.48084559830971e-49,0.462763196921595,0.576,0.171,2.17728728319476e-45,Transit,Reep4
Sae1,2.90895078593338e-49,0.553998836427983,0.776,0.303,4.27703034055785e-45,Transit,Sae1
Rfwd3,1.63111951908967e-48,0.38813735637421,0.49,0.127,2.39823502891755e-44,Transit,Rfwd3
Prdx4.2,1.90422576601927e-48,0.79359888636929,0.919,0.504,2.79978314377813e-44,Transit,Prdx4
Tfdp1,9.53860255967339e-48,0.489803657811273,0.576,0.183,1.40246073434878e-43,Transit,Tfdp1
Nsmce1,6.89689395272692e-47,0.59141198516978,0.829,0.379,1.01405031786944e-42,Transit,Nsmce1
Nup210.2,7.31745773333972e-47,0.54174887812158,0.643,0.221,1.07588581053294e-42,Transit,Nup210
Hells,1.11875067667808e-46,0.358651140489781,0.395,0.085,1.64489911991978e-42,Transit,Hells
Bub3,1.13696525579274e-46,0.764160078974421,0.881,0.506,1.67168001559206e-42,Transit,Bub3
Rcc1,2.54412465428381e-46,0.314777805939541,0.39,0.086,3.74062647919349e-42,Transit,Rcc1
Ass1.2,4.25830165679195e-46,0.700373645112943,0.614,0.21,6.2609809259812e-42,Transit,Ass1
Srsf3,9.79003971112897e-46,0.746023223288409,0.995,0.895,1.43942953872729e-41,Transit,Srsf3
Rhno1,1.04486103662354e-45,0.292334586412898,0.39,0.086,1.53625918214759e-41,Transit,Rhno1
Rpa2,1.44716093450754e-45,0.385330237889589,0.5,0.136,2.12776072200644e-41,Transit,Rpa2
Nudt4,1.61931552550791e-45,0.487567202521449,0.705,0.255,2.38087961715427e-41,Transit,Nudt4
Dck.1,8.85056977536547e-45,0.665543475222571,0.757,0.309,1.30129927407199e-40,Transit,Dck
Hist1h4i,1.24874691709403e-44,0.443464875784338,0.486,0.127,1.83603259220335e-40,Transit,Hist1h4i
Tuba4a.1,2.80283047860185e-44,0.857110758580647,0.557,0.189,4.1210016526883e-40,Transit,Tuba4a
Nt5dc2.1,2.93660118010324e-44,0.298196188305051,0.457,0.114,4.31768471510579e-40,Transit,Nt5dc2
Plp2.1,3.5827164036691e-44,0.811127562754869,0.943,0.571,5.26766792831468e-40,Transit,Plp2
Lsm3,4.27655206188248e-44,0.614250710838529,0.91,0.495,6.28781449658581e-40,Transit,Lsm3
Exosc8,4.34296379680812e-44,0.609770754479694,0.843,0.422,6.38545967044698e-40,Transit,Exosc8
Rpa3,6.2635670575501e-44,0.574515649058251,0.786,0.339,9.20932264471592e-40,Transit,Rpa3
Hat1,9.86339260808134e-44,0.593406164852996,0.776,0.325,1.4502146151662e-39,Transit,Hat1
Calm2.2,1.04997853342755e-43,0.755686646203993,0.986,0.93,1.54378343769853e-39,Transit,Calm2
Smc1a,2.2527348873168e-43,0.769309260629403,0.929,0.566,3.31219610482189e-39,Transit,Smc1a
Cep192,2.91289885729617e-43,0.332526649593967,0.529,0.151,4.28283518988256e-39,Transit,Cep192
Rfc2.1,6.28585624834562e-43,0.49473563946641,0.757,0.301,9.24209444194257e-39,Transit,Rfc2
Cenpc1,1.11321232828449e-42,0.337766004162084,0.419,0.102,1.63675608627669e-38,Transit,Cenpc1
Cep57,1.46114177004652e-42,0.338349818007249,0.481,0.133,2.1483167444994e-38,Transit,Cep57
Hpf1,1.92001884351145e-42,0.653861878021821,0.862,0.463,2.82300370561489e-38,Transit,Hpf1
Mmp8.1,2.41341778826551e-42,0.402532912776779,0.262,0.045,3.54844817408678e-38,Transit,Mmp8
Smc3,3.01057805890785e-42,0.67488952842474,0.852,0.451,4.42645292001222e-38,Transit,Smc3
Fam111a.1,3.46265134230042e-42,0.702327923676477,0.943,0.53,5.09113626858431e-38,Transit,Fam111a
Banf1,3.91210371958962e-42,0.737342502347077,0.957,0.673,5.75196609891262e-38,Transit,Banf1
Snrpe.1,4.66008585541581e-42,0.624277931963506,0.981,0.876,6.85172423321786e-38,Transit,Snrpe
Ctcf,5.34014630941421e-42,0.659520750478383,0.852,0.432,7.85161711873171e-38,Transit,Ctcf
Tmsb10.3,8.40446265261382e-42,1.34099577685269,0.99,0.88,1.23570814381381e-37,Transit,Tmsb10
Wdr76,8.41966400699901e-42,0.285707918837898,0.305,0.058,1.23794319894906e-37,Transit,Wdr76
Mcm3.1,9.97290129588601e-42,0.590208167574748,0.671,0.241,1.46631567753412e-37,Transit,Mcm3
Fabp5.1,1.23220772928401e-41,0.658117551403382,0.752,0.322,1.81171502436628e-37,Transit,Fabp5
Nsmce4a,2.01154984204584e-41,0.565553452621867,0.881,0.46,2.95758173276e-37,Transit,Nsmce4a
Hp.3,5.7153744317887e-41,1.68970044657569,0.486,0.163,8.40331502705893e-37,Transit,Hp
Smchd1,7.82315698662654e-41,0.774889912457291,0.905,0.579,1.1502387717437e-36,Transit,Smchd1
Clic1,8.30781521443102e-41,0.613531267761187,0.995,0.976,1.22149807097779e-36,Transit,Clic1
Ppil1,1.67756169547735e-40,0.317030226246619,0.476,0.133,2.46651896086035e-36,Transit,Ppil1
Eri1,2.06840240633168e-40,0.513884622949757,0.786,0.349,3.04117205802947e-36,Transit,Eri1
Syce2,4.35465995144156e-40,0.402490751697302,0.476,0.137,6.40265652660452e-36,Transit,Syce2
Mt1.3,8.33262423714732e-40,-1.94382794773746,0.843,0.941,1.22514574158777e-35,Transit,Mt1
Smc6,1.02397600419791e-39,0.711695879482208,0.886,0.529,1.50555191897219e-35,Transit,Smc6
Slfn9,1.1356176280421e-39,0.282631880755797,0.31,0.063,1.66969859851031e-35,Transit,Slfn9
Nxt1,1.26245776540144e-39,0.38305269867745,0.581,0.196,1.85619165246974e-35,Transit,Nxt1
Brd8,1.39486001150553e-39,0.446751986248748,0.671,0.249,2.05086267491658e-35,Transit,Brd8
Fzr1,4.06733673004015e-39,0.423070516058779,0.533,0.17,5.98020519417803e-35,Transit,Fzr1
Ppih,2.28468618903578e-38,0.454807056547199,0.714,0.296,3.35917410373931e-34,Transit,Ppih
Impa2,4.17100340768913e-38,0.312155847251872,0.471,0.134,6.13262631032534e-34,Transit,Impa2
Ssrp1,4.26049808945037e-38,0.653899728793399,0.819,0.465,6.26421034091888e-34,Transit,Ssrp1
Nap1l1,4.40705685196301e-38,0.772775292786814,0.962,0.845,6.47969568944121e-34,Transit,Nap1l1
Slbp.1,5.05906099162421e-38,0.764022974384374,0.795,0.434,7.43833737598508e-34,Transit,Slbp
Hdgf,5.23554653771343e-38,0.699803524663078,0.943,0.65,7.69782407440006e-34,Transit,Hdgf
Nup62,3.04429082291825e-37,0.269181148985273,0.524,0.161,4.4760207969367e-33,Transit,Nup62
Psip1,3.07760251046794e-37,0.581285508065718,0.681,0.285,4.52499897114101e-33,Transit,Psip1
Rfc3,4.82881901600112e-37,0.410641940332213,0.49,0.154,7.09981259922644e-33,Transit,Rfc3
Dtymk,1.78569704556067e-36,0.509191212060049,0.724,0.307,2.62551036608785e-32,Transit,Dtymk
Ilf2,2.07333854489509e-36,0.407317486031668,0.667,0.262,3.04842966255924e-32,Transit,Ilf2
Larp7,3.50653577616363e-36,0.463986464020613,0.752,0.321,5.15565955169339e-32,Transit,Larp7
Haus8,3.64946999597e-36,0.40203958221416,0.657,0.248,5.3658157350747e-32,Transit,Haus8
Mrpl18,4.99430428872003e-36,0.593331866791695,0.9,0.535,7.34312559570507e-32,Transit,Mrpl18
Hsd11b1,1.20924909200722e-35,0.28717679899144,0.267,0.054,1.77795893997821e-31,Transit,Hsd11b1
Mrpl51,1.34710062036053e-35,0.623476266721643,0.881,0.52,1.98064204211609e-31,Transit,Mrpl51
Rbbp4,1.37018205590793e-35,0.682608583076577,0.91,0.565,2.01457867680143e-31,Transit,Rbbp4
Pradc1,1.53855521068043e-35,0.250032690938214,0.386,0.1,2.26213772626344e-31,Transit,Pradc1
Lmf2,1.61891056529945e-35,0.298509544854752,0.486,0.148,2.38028420415978e-31,Transit,Lmf2
Pgp,6.94516392581538e-35,0.471643081342969,0.724,0.308,1.02114745201263e-30,Transit,Pgp
Terf1,6.9981391998656e-35,0.266989171710286,0.471,0.14,1.02893640655624e-30,Transit,Terf1
Gapdh.1,1.13948598715239e-34,0.602405752092465,0.99,0.96,1.67538624691016e-30,Transit,Gapdh
Pold1,1.23544811265767e-34,0.292494392823318,0.443,0.127,1.81647936004057e-30,Transit,Pold1
Mcm4,1.87974626849936e-34,0.409586053783513,0.557,0.191,2.76379093857461e-30,Transit,Mcm4
Ddx39,2.62646346555294e-34,0.546992712114578,0.838,0.421,3.86168923340249e-30,Transit,Ddx39
Sumo2,3.00188366656092e-34,0.593360942173951,0.981,0.923,4.41366955494452e-30,Transit,Sumo2
Snrpg.2,3.10141292576342e-34,0.551442291190014,0.971,0.911,4.56000742474996e-30,Transit,Snrpg
Hnrnpa2b1,6.88509946626243e-34,0.604638786190541,0.99,0.942,1.01231617452457e-29,Transit,Hnrnpa2b1
Rpa1,1.40056515876258e-33,0.317209446806879,0.514,0.174,2.05925095292863e-29,Transit,Rpa1
Jpt1,2.46567298159414e-33,0.699271980684498,0.976,0.878,3.62527898483786e-29,Transit,Jpt1
Gins2,3.09968704313075e-33,0.297609397900814,0.424,0.122,4.55746985951513e-29,Transit,Gins2
Ncaph2,4.75719433871198e-33,0.425933796897584,0.681,0.284,6.99450283620823e-29,Transit,Ncaph2
Atp2a3.1,1.34959430749656e-32,0.274965312204654,0.529,0.175,1.9843085103122e-28,Transit,Atp2a3
Yaf2,3.40997124389599e-32,0.310460225260626,0.538,0.189,5.01368071990028e-28,Transit,Yaf2
Ppp1cc.1,3.60615213344718e-32,0.516026554754317,0.89,0.528,5.30212548180739e-28,Transit,Ppp1cc
Ly6c2.2,4.79229731571814e-32,2.58260847306036,0.529,0.238,7.04611474330038e-28,Transit,Ly6c2
Pkm.1,9.47033261822396e-32,0.625017512422901,0.976,0.84,1.39242300485747e-27,Transit,Pkm
Maz.1,1.49664478965993e-31,0.426846888784253,0.805,0.386,2.200516834237e-27,Transit,Maz
Siva1.1,1.5283017334391e-31,0.670612953318874,0.867,0.536,2.24706203867551e-27,Transit,Siva1
Nfyb,1.58677873470146e-31,0.331236403248545,0.567,0.209,2.33304077363156e-27,Transit,Nfyb
Pold3,1.68013799883348e-31,0.331535409387398,0.562,0.207,2.47030689968486e-27,Transit,Pold3
Mcm6,1.80615854724321e-31,0.474956358730618,0.586,0.227,2.65559491201169e-27,Transit,Mcm6
Cd83.1,1.95972208092441e-31,-1.13257557923829,0.71,0.896,2.88137937558315e-27,Transit,Cd83
Hmgn5,3.61627961935022e-31,0.450593373613899,0.576,0.222,5.31701592433062e-27,Transit,Hmgn5
C3.2,4.73533535452562e-31,1.01914068365543,0.49,0.198,6.96236357175903e-27,Transit,C3
Zfp36l1.2,4.82613690346451e-31,-1.31409308438349,0.524,0.813,7.09586908916387e-27,Transit,Zfp36l1
Nudt21,5.41856584818975e-31,0.533485951321535,0.89,0.557,7.96691736659338e-27,Transit,Nudt21
Myef2,5.88545204105762e-31,0.32963393278733,0.433,0.136,8.65338013596702e-27,Transit,Myef2
Ndrg1.1,6.07785922566131e-31,0.275085635781171,0.357,0.097,8.93627641948982e-27,Transit,Ndrg1
Thbs1.3,8.04166462550634e-31,1.68795487051342,0.51,0.201,1.1823659498882e-26,Transit,Thbs1
Ssna1,8.58759815244247e-31,0.533333250691338,0.786,0.415,1.26263455635362e-26,Transit,Ssna1
Pgam1.2,8.90519133608287e-31,0.641951474559529,0.952,0.733,1.30933028214426e-26,Transit,Pgam1
Hnrnpf,9.41362917368853e-31,0.456040727169116,0.99,0.954,1.38408589740742e-26,Transit,Hnrnpf
Kmt5a.1,1.46371572906882e-30,0.474659880166471,0.814,0.412,2.15210123644989e-26,Transit,Kmt5a
Bex3.1,1.63000653829519e-30,0.506774663606994,0.629,0.265,2.39659861325542e-26,Transit,Bex3
Chil3.2,1.90792095091047e-30,2.2016440513431,0.481,0.191,2.80521617412367e-26,Transit,Chil3
Cisd1,2.10963490115515e-30,0.439897158984172,0.757,0.351,3.10179619516842e-26,Transit,Cisd1
Hnrnpd,2.46954660007291e-30,0.601855777682214,0.929,0.693,3.63097436608719e-26,Transit,Hnrnpd
Eif1ad,2.70545466774314e-30,0.377367782474585,0.638,0.267,3.97782999798273e-26,Transit,Eif1ad
F10.1,2.90393079162969e-30,0.459103679866707,0.381,0.115,4.26964944293313e-26,Transit,F10
Ethe1.2,3.68046535165531e-30,0.719129599416528,0.681,0.324,5.4113882065388e-26,Transit,Ethe1
Hnrnpa3,3.97226150330551e-30,0.565915796797252,0.99,0.936,5.8404160883101e-26,Transit,Hnrnpa3
1810037I17Rik,4.09347261157621e-30,0.671305421446316,0.976,0.816,6.01863278080051e-26,Transit,1810037I17Rik
Nin,7.52117727626167e-30,0.450066723670025,0.676,0.301,1.10583869492875e-25,Transit,Nin
Pcna.1,1.06152922122511e-29,1.1052556020007,0.876,0.61,1.56076641396728e-25,Transit,Pcna
Ciao2a.2,1.10968306397433e-29,0.672701555212842,0.924,0.692,1.63156700896145e-25,Transit,Ciao2a
Psmb9.2,1.58119768304652e-29,0.548549594453918,0.967,0.705,2.3248349533833e-25,Transit,Psmb9
Rbm3.2,2.57960036237694e-29,0.557361474375803,0.981,0.925,3.79278641280282e-25,Transit,Rbm3
Csrp1.1,3.09795387566484e-29,0.489687224440798,0.733,0.343,4.55492158339002e-25,Transit,Csrp1
Cox5b.1,4.50613055897608e-29,0.538002053583072,0.976,0.926,6.62536376086253e-25,Transit,Cox5b
Lin54,4.620602212843e-29,0.290815430990474,0.481,0.163,6.79367143354307e-25,Transit,Lin54
Anapc15,6.09394801473057e-29,0.370269258488371,0.633,0.267,8.95993176605836e-25,Transit,Anapc15
Calm3,6.67759506929004e-29,0.568718313560207,0.957,0.811,9.81806803037715e-25,Transit,Calm3
Junb.1,8.26529238964197e-29,-0.820103355396614,0.971,0.97,1.21524594004906e-24,Transit,Junb
Uchl5,8.88612743946485e-29,0.362618402986211,0.681,0.303,1.30652731742452e-24,Transit,Uchl5
Suz12,1.12423533188325e-28,0.468931346094017,0.686,0.328,1.65296320846794e-24,Transit,Suz12
Gsr.2,1.32481301961182e-28,0.745645626214889,0.69,0.325,1.94787258273526e-24,Transit,Gsr
Pi16.1,1.72845876756135e-28,0.281327840249511,0.267,0.064,2.54135292594545e-24,Transit,Pi16
Snrpb,1.78618361678013e-28,0.519553727874829,0.976,0.866,2.62622577175182e-24,Transit,Snrpb
Nfkbiz.2,2.00681372741659e-28,-1.03844070068921,0.657,0.872,2.95061822342061e-24,Transit,Nfkbiz
Magohb.1,2.22386942804393e-28,0.451091841473872,0.724,0.351,3.26975522005299e-24,Transit,Magohb
Hnrnpab,2.91106763045396e-28,0.608259549776758,0.962,0.816,4.28014273705646e-24,Transit,Hnrnpab
Gpx1.2,3.08727983555215e-28,0.453430774485896,0.995,0.984,4.53922754221233e-24,Transit,Gpx1
Nudc,3.22415616142378e-28,0.587767892068378,0.89,0.645,4.74047680414138e-24,Transit,Nudc
Emb.3,4.00767349988174e-28,0.851992622156351,0.914,0.668,5.89248234687612e-24,Transit,Emb
Cox7a2.1,6.10053768573686e-28,0.474804680032467,0.981,0.917,8.96962055933891e-24,Transit,Cox7a2
H2afy.2,6.85346840691524e-28,0.621567959853301,0.967,0.848,1.00766545986875e-23,Transit,H2afy
Lcn2.1,9.63060517336027e-28,1.80717762093091,0.162,0.026,1.41598787863916e-23,Transit,Lcn2
Cntln,1.1143856768085e-27,0.293066680968277,0.424,0.137,1.63848126061154e-23,Transit,Cntln
Snrnp25,1.54939754619388e-27,0.297086043946475,0.61,0.248,2.27807921216886e-23,Transit,Snrnp25
Rbbp7.1,2.57924474233717e-27,0.566532267803885,0.805,0.497,3.79226354465834e-23,Transit,Rbbp7
Tmem176a.2,3.52201056871187e-27,-1.00798391653421,0.648,0.884,5.17841213917707e-23,Transit,Tmem176a
Gpx4.2,3.90081579194211e-27,0.515148963595889,0.986,0.859,5.73536945889248e-23,Transit,Gpx4
Sap30.2,4.73821153731657e-27,0.550721004450512,0.814,0.455,6.96659242331655e-23,Transit,Sap30
Nde1,5.5891185307785e-27,0.3029371142799,0.514,0.193,8.21768097580363e-23,Transit,Nde1
Mrpl33.2,5.84961322251156e-27,0.615744274516618,0.976,0.87,8.60068632105875e-23,Transit,Mrpl33
Cdt1,8.54376724720915e-27,0.256596838072746,0.333,0.096,1.25619009835716e-22,Transit,Cdt1
Utp3,1.17377058676564e-26,0.375172353378633,0.781,0.388,1.72579489372152e-22,Transit,Utp3
Dpy30,1.95301009872025e-26,0.441495231010867,0.805,0.454,2.87151074814838e-22,Transit,Dpy30
Tmem176b.2,2.26647100912887e-26,-0.927562724152019,0.7,0.923,3.33239232472218e-22,Transit,Tmem176b
Ranbp1.1,2.36543087734447e-26,0.716541711703746,0.943,0.795,3.47789301895958e-22,Transit,Ranbp1
Mgst1.2,3.58849666806366e-26,0.823385130776004,0.49,0.208,5.276166651054e-22,Transit,Mgst1
Oaz1.1,3.91543462052018e-26,0.388170352367071,0.986,0.973,5.75686352255083e-22,Transit,Oaz1
Mcm2,4.74869854963399e-26,0.282028275393415,0.405,0.133,6.98201147752686e-22,Transit,Mcm2
Nmral1,5.05388089687303e-26,0.255076944827383,0.448,0.154,7.43072108267242e-22,Transit,Nmral1
Tuba1c.1,5.43942313359582e-26,0.691298201891998,0.919,0.723,7.99758383332593e-22,Transit,Tuba1c
Vcan.1,1.20436742652883e-25,0.499250639629149,0.248,0.06,1.77078142722534e-21,Transit,Vcan
Jund.3,1.33758260164963e-25,-0.879779189580568,0.971,0.976,1.96664769920545e-21,Transit,Jund
Ctss.2,1.67015308048596e-25,-0.668437248377066,0.986,0.985,2.4556260742385e-21,Transit,Ctss
Raly,1.70492735240874e-25,0.480467306930265,0.948,0.733,2.50675468624658e-21,Transit,Raly
Pnkp.1,2.21968362455378e-25,0.306739855710638,0.552,0.221,3.26360083318143e-21,Transit,Pnkp
Hp1bp3,2.22698115595475e-25,0.609213664520924,0.843,0.497,3.27433039360027e-21,Transit,Hp1bp3
Dynlt1f,2.34882902763145e-25,0.303832663399271,0.648,0.28,3.45348331932652e-21,Transit,Dynlt1f
Babam1,2.59290287630813e-25,0.356741547662162,0.776,0.38,3.81234509903585e-21,Transit,Babam1
Sf3b5,2.76701689359468e-25,0.483994385638602,0.952,0.75,4.06834493865225e-21,Transit,Sf3b5
Med30,3.47910335742423e-25,0.414343189711493,0.81,0.442,5.11532566642085e-21,Transit,Med30
Rps27.2,3.76500915579799e-25,-0.457362391681796,0.99,0.992,5.53569296176978e-21,Transit,Rps27
Xpo1,4.18405306043018e-25,0.401668371597596,0.776,0.387,6.15181321475049e-21,Transit,Xpo1
Spn,7.36861714727711e-25,0.342667580520229,0.576,0.235,1.08340777916415e-20,Transit,Spn
Cd74.3,7.55009451180595e-25,-0.999609516874404,0.848,0.955,1.11009039607083e-20,Transit,Cd74
A430005L14Rik,9.88860179941636e-25,0.320233872985854,0.605,0.267,1.45392112256819e-20,Transit,A430005L14Rik
Pcbd2,1.42055712664579e-24,0.446819714429636,0.814,0.459,2.08864514330731e-20,Transit,Pcbd2
Prelid1.2,1.43321712241852e-24,0.498348522794505,0.971,0.762,2.10725913509194e-20,Transit,Prelid1
Cd177.1,1.57130349318976e-24,0.396041974039506,0.19,0.039,2.3102875260369e-20,Transit,Cd177
C1galt1c1.1,1.82912147146898e-24,0.753659549833995,0.543,0.259,2.68935729950084e-20,Transit,C1galt1c1
Hspa14,1.98539843749102e-24,0.368822170889971,0.714,0.357,2.91913132264305e-20,Transit,Hspa14
Trf.2,2.34660977604665e-24,-1.14068375516805,0.681,0.82,3.45022035372139e-20,Transit,Trf
Ubc.3,4.13020484937785e-24,-0.760583293255314,0.99,0.977,6.07264019004025e-20,Transit,Ubc
Fth1.2,6.42577719303999e-24,-0.658301525904623,1,1,9.4478202069267e-20,Transit,Fth1
H2-Aa.3,6.94520566793748e-24,-1.03245835054565,0.748,0.888,1.02115358935685e-19,Transit,H2-Aa
H2-Eb1.3,7.22154781985896e-24,-1.07928701041625,0.733,0.882,1.06178417595386e-19,Transit,H2-Eb1
Rgcc.2,1.11931211408731e-23,0.448223469829211,0.571,0.254,1.64572460134257e-19,Transit,Rgcc
Cbfb,1.22819903780758e-23,0.40009034719908,0.81,0.452,1.80582104528848e-19,Transit,Cbfb
Lsm4,1.24606210515977e-23,0.468065076718708,0.952,0.742,1.83208511321641e-19,Transit,Lsm4
Rpp30,1.86945100923145e-23,0.256032610716336,0.557,0.228,2.748653818873e-19,Transit,Rpp30
Fn1.2,2.00061085470704e-23,0.758613498005642,0.581,0.268,2.94149813967576e-19,Transit,Fn1
H2-Ab1.3,3.20692562769935e-23,-0.994793376641837,0.762,0.901,4.71514275040636e-19,Transit,H2-Ab1
Nudt5,4.84508405825094e-23,0.314389148771293,0.648,0.307,7.12372709084635e-19,Transit,Nudt5
Magoh,6.45502700118479e-23,0.418808277480504,0.929,0.661,9.490826199842e-19,Transit,Magoh
Cdc42ep3,9.7310781321604e-23,0.30226424831285,0.49,0.196,1.43076041777154e-18,Transit,Cdc42ep3
Atp5f1.2,1.10094764764809e-22,0.421584623060228,0.981,0.917,1.61872332633699e-18,Transit,Atp5f1
Smarca5,1.52727428406426e-22,0.518832196934465,0.924,0.668,2.24555137985968e-18,Transit,Smarca5
Atp5j.1,1.64917884762467e-22,0.432673879079766,0.971,0.902,2.42478765966255e-18,Transit,Atp5j
Cenpx,1.76042583751956e-22,0.437789188935785,0.9,0.666,2.58835410890501e-18,Transit,Cenpx
Cryl1,1.83827693499187e-22,0.276109524197016,0.471,0.183,2.70281857751854e-18,Transit,Cryl1
Dctpp1,1.83846886678204e-22,0.570196643340814,0.681,0.392,2.70310077482964e-18,Transit,Dctpp1
Cbx1,2.38048019804807e-22,0.386230081604934,0.771,0.426,3.50002003519007e-18,Transit,Cbx1
Lyst.1,2.40930147275183e-22,0.365491641786743,0.49,0.201,3.54239595538701e-18,Transit,Lyst
Rdx,2.98387128599509e-22,0.440881620236309,0.867,0.551,4.38718595179858e-18,Transit,Rdx
Mrpl57.1,3.32380007721297e-22,0.48124882678284,0.876,0.573,4.88698325352622e-18,Transit,Mrpl57
Pih1d1,3.9091361650251e-22,0.377457897873145,0.667,0.332,5.74760290343641e-18,Transit,Pih1d1
U2af1,4.03448473582176e-22,0.475151539548884,0.929,0.738,5.93190290707873e-18,Transit,U2af1
Cep83,4.74628745797461e-22,0.277594978247547,0.59,0.255,6.97846644946007e-18,Transit,Cep83
Thoc7,5.6346496369865e-22,0.415839905718097,0.848,0.539,8.28462536126125e-18,Transit,Thoc7
Dab2.3,5.7592772778708e-22,-1.10393523671997,0.49,0.78,8.46786538165343e-18,Transit,Dab2
Vdac3,6.09804861362076e-22,0.443108208292772,0.933,0.747,8.9659608766066e-18,Transit,Vdac3
Tpt1,6.38572686862515e-22,-0.310042665202942,1,0.998,9.38893421493956e-18,Transit,Tpt1
Gpr141.3,7.46638855245598e-22,0.510764672486589,0.652,0.335,1.0977831088676e-17,Transit,Gpr141
Srsf1,7.5604452067882e-22,0.421210729315907,0.752,0.42,1.11161225875407e-17,Transit,Srsf1
Srsf2.1,7.57652083759766e-22,0.470275435188558,0.976,0.822,1.11397585875198e-17,Transit,Srsf2
Fam107b.2,7.97857205844052e-22,0.479206897838374,0.719,0.379,1.17308944975251e-17,Transit,Fam107b
Pole3,8.90882162723712e-22,0.257849142271671,0.538,0.227,1.30986404385267e-17,Transit,Pole3
Rfc1,1.09409119670709e-21,0.369696682155721,0.614,0.294,1.60864228651844e-17,Transit,Rfc1
Snrpc,1.72876436727226e-21,0.424412595560892,0.881,0.636,2.54180224920041e-17,Transit,Snrpc
Lsm8,2.02627801841149e-21,0.3931325753091,0.786,0.452,2.97923657047042e-17,Transit,Lsm8
Ing1,2.72888046005731e-21,0.260455385734557,0.6,0.263,4.01227294042227e-17,Transit,Ing1
Dnajc10,2.990201045102e-21,0.308678801587563,0.61,0.278,4.39649259661347e-17,Transit,Dnajc10
Plek.1,3.21882040207332e-21,-0.7478924528387,0.848,0.892,4.73263163716841e-17,Transit,Plek
Ccnd3.3,3.40699374439076e-21,0.560552641034037,0.862,0.57,5.00930290237774e-17,Transit,Ccnd3
Gstm1.2,3.88043451751761e-21,0.514754511063392,0.486,0.217,5.70540287110615e-17,Transit,Gstm1
Suds3,3.93495243531681e-21,0.300937012686349,0.719,0.361,5.78556056564631e-17,Transit,Suds3
Snrpf,4.32910407783956e-21,0.447260197322807,0.957,0.864,6.3650817256475e-17,Transit,Snrpf
Fcgr2b.1,5.32970735620162e-21,-0.801436853675475,0.843,0.876,7.83626872582324e-17,Transit,Fcgr2b
Cox5a.1,7.46985098552012e-21,0.402137504599079,0.976,0.913,1.09829219040102e-16,Transit,Cox5a
Pcgf5,8.41646011523368e-21,0.297490401994076,0.59,0.268,1.23747213074281e-16,Transit,Pcgf5
Glipr2.2,1.01066324894743e-20,0.387699680363054,0.786,0.44,1.4859781749274e-16,Transit,Glipr2
Acadl,1.47731963735116e-20,0.415344285342865,0.762,0.439,2.17210306279742e-16,Transit,Acadl
Ckap4.1,1.48446243260865e-20,0.39055082549612,0.471,0.208,2.1826051146645e-16,Transit,Ckap4
Sec11c.3,1.59438199346032e-20,0.440951257384884,0.967,0.834,2.34421984498471e-16,Transit,Sec11c
Actl6a,1.64223435161484e-20,0.309235688012179,0.733,0.377,2.41457716717931e-16,Transit,Actl6a
Srrt,1.68792381844383e-20,0.300041487794479,0.7,0.353,2.48175439025796e-16,Transit,Srrt
Ggh.1,1.84028047780368e-20,0.523226911291316,0.89,0.63,2.70576438651475e-16,Transit,Ggh
Uba2,2.01269630095494e-20,0.379577668688854,0.776,0.46,2.95926737129405e-16,Transit,Uba2
Hnrnpu,2.35013842460931e-20,0.474689598324344,0.976,0.84,3.45540852570308e-16,Transit,Hnrnpu
Sod1.2,2.42536125856091e-20,0.551610177897822,0.895,0.595,3.5660086584621e-16,Transit,Sod1
Snrnp40,2.43574111187259e-20,0.341570304655032,0.7,0.363,3.58127015678627e-16,Transit,Snrnp40
Pds5a,2.57162253313359e-20,0.345539481796706,0.738,0.397,3.78105661046632e-16,Transit,Pds5a
Sptssa,2.79489714155483e-20,0.401161468883734,0.929,0.673,4.10933726722806e-16,Transit,Sptssa
Pycard.2,2.81931615047393e-20,0.543184463631986,0.933,0.777,4.14524053604183e-16,Transit,Pycard
Lsm6.1,2.93481778682351e-20,0.450960973550168,0.89,0.624,4.31506259196661e-16,Transit,Lsm6
Rab5if.1,3.08996503804474e-20,0.498871272662485,0.914,0.731,4.54317559543718e-16,Transit,Rab5if
Cse1l,3.24856443663256e-20,0.287563136421248,0.557,0.253,4.77636429118085e-16,Transit,Cse1l
Mt2.3,3.57476693231788e-20,-1.68607472058555,0.267,0.543,5.25597982058697e-16,Transit,Mt2
Gapt,4.11795221050579e-20,0.29144095042829,0.505,0.218,6.05462513510666e-16,Transit,Gapt
Pank2,5.1933795945537e-20,0.255410160873015,0.557,0.246,7.6358260178723e-16,Transit,Pank2
Nfkbia.2,6.11276097847576e-20,-0.755894970550268,0.895,0.934,8.9875924666529e-16,Transit,Nfkbia
Vrk1.2,6.49420801079292e-20,0.41596792538589,0.881,0.574,9.54843403826884e-16,Transit,Vrk1
Srsf7,6.6405545426291e-20,0.438518248466157,0.933,0.783,9.76360734402756e-16,Transit,Srsf7
Cdk4,8.34765764589512e-20,0.38408008360164,0.748,0.441,1.22735610367596e-15,Transit,Cdk4
Serpinb1a.1,9.06225249470991e-20,0.369175740297897,0.367,0.136,1.3324229842972e-15,Transit,Serpinb1a
Mrc1.3,9.79517981704484e-20,-1.07490495542066,0.49,0.767,1.4401852885001e-15,Transit,Mrc1
Baz1b,1.24176431735492e-19,0.477896509544789,0.705,0.396,1.82576607580694e-15,Transit,Baz1b
Gnb2.1,1.44482687490257e-19,0.347646045175371,0.99,0.944,2.12432895416925e-15,Transit,Gnb2
Impdh2,1.55138724562898e-19,0.379207932816052,0.781,0.451,2.28100466724829e-15,Transit,Impdh2
Rprd1b,1.65731475891589e-19,0.295506444420719,0.49,0.209,2.43674989003403e-15,Transit,Rprd1b
Mrpl58.1,2.09497358824588e-19,0.306297396028061,0.714,0.369,3.08023966679792e-15,Transit,Mrpl58
Rif1,2.56646286773998e-19,0.300857083976603,0.457,0.194,3.77347035443809e-15,Transit,Rif1
Hprt.2,3.19118998912907e-19,0.410725558093053,0.9,0.699,4.69200664101648e-15,Transit,Hprt
Pa2g4,3.21639938571987e-19,0.396858932502048,0.857,0.537,4.72907201682392e-15,Transit,Pa2g4
Dna2.1,3.55182362892613e-19,0.255957757061103,0.529,0.233,5.22224628161009e-15,Transit,Dna2
Kif2a,4.07560814360269e-19,0.254591515988082,0.638,0.309,5.99236665353903e-15,Transit,Kif2a
Tspo.2,4.73524825020969e-19,0.575813006045746,0.962,0.935,6.96223550228331e-15,Transit,Tspo
Ndufb11.1,5.22892717746131e-19,0.423325315430781,0.971,0.841,7.68809162902137e-15,Transit,Ndufb11
Aes,5.284091773819e-19,0.401583359119949,0.971,0.84,7.76920013504608e-15,Transit,Aes
Timm50,5.42396783458235e-19,0.259763946910877,0.667,0.333,7.97485990718643e-15,Transit,Timm50
Ppp1ca.2,6.79081594482281e-19,0.391912074765302,0.971,0.895,9.98453668367298e-15,Transit,Ppp1ca
Cst3.3,6.97592459645686e-19,-0.717073229019652,1,0.999,1.02567019341705e-14,Transit,Cst3
Rnps1,8.22369427835634e-19,0.331032392039134,0.748,0.408,1.20912976974673e-14,Transit,Rnps1
Pcbp2,8.32032981977565e-19,0.398921167194087,0.981,0.908,1.22333809340161e-14,Transit,Pcbp2
Pgk1.1,9.05524645307587e-19,0.453089188187318,0.871,0.634,1.33139288599574e-14,Transit,Pgk1
Me2.2,1.0027019255453e-18,0.362004671159951,0.79,0.457,1.47427264112925e-14,Transit,Me2
Rbm8a,1.14444649222163e-18,0.387234069660294,0.929,0.727,1.68267967751346e-14,Transit,Rbm8a
Ube2a.1,1.33590210489758e-18,0.388217694253758,0.89,0.565,1.96417686483091e-14,Transit,Ube2a
Anapc11,1.35474593155697e-18,0.375774625799665,0.852,0.556,1.99188294316821e-14,Transit,Anapc11
Pygl.1,1.43848086665972e-18,0.309816303708193,0.433,0.183,2.11499841824979e-14,Transit,Pygl
Mbd2,2.04347292154274e-18,0.352152882685699,0.914,0.6,3.00451823654429e-14,Transit,Mbd2
Elof1,2.44403528292742e-18,0.339330551892554,0.762,0.423,3.59346507648819e-14,Transit,Elof1
Cntrl,2.64473945906729e-18,0.275541135482927,0.619,0.299,3.88856042666663e-14,Transit,Cntrl
Plac8.3,2.79025728539121e-18,1.41431918844889,0.671,0.435,4.10251528671069e-14,Transit,Plac8
Erh,2.81250966526897e-18,0.375989732077663,0.843,0.532,4.13523296084496e-14,Transit,Erh
Ly6e.3,3.12194715219874e-18,0.591739048454885,0.986,0.891,4.59019889787781e-14,Transit,Ly6e
Atp5h.2,3.14089540392412e-18,0.382008076432291,0.99,0.955,4.61805851238963e-14,Transit,Atp5h
Atp5j2.1,3.20008420107522e-18,0.397644950221236,0.99,0.937,4.7050838008409e-14,Transit,Atp5j2
Nono,3.59079051704125e-18,0.398061192438119,0.895,0.635,5.27953929720575e-14,Transit,Nono
Dcps,3.6271381151333e-18,0.250677540670217,0.629,0.306,5.33298117068049e-14,Transit,Dcps
Hnrnpdl,3.72581700169705e-18,0.341333422309999,0.871,0.578,5.47806873759517e-14,Transit,Hnrnpdl
Dusp1.3,4.13069778810078e-18,-0.713684211763412,0.957,0.968,6.07336495784458e-14,Transit,Dusp1
Gabpb2,4.28080382581238e-18,0.269171003592791,0.51,0.226,6.29406586509194e-14,Transit,Gabpb2
Wbp11,4.30783014339737e-18,0.306466217150008,0.848,0.493,6.33380265983715e-14,Transit,Wbp11
Sp3,4.71609743778853e-18,0.286140964971861,0.719,0.377,6.93407806278047e-14,Transit,Sp3
Prdx6.2,5.45891295435774e-18,0.583032949604849,0.843,0.597,8.02623971679218e-14,Transit,Prdx6
Gadd45b.3,7.07542536543146e-18,-0.990196846828796,0.638,0.757,1.04029979147939e-13,Transit,Gadd45b
Slamf7.3,7.48103240026484e-18,-0.826676610187867,0.3,0.555,1.09993619381094e-13,Transit,Slamf7
Agpat5,7.75675863701075e-18,0.275758057356423,0.662,0.324,1.14047622239969e-13,Transit,Agpat5
Mtus1.2,8.60543224747099e-18,0.274736346784894,0.348,0.132,1.26525670334566e-13,Transit,Mtus1
Hnrnpul1,8.98960081975882e-18,0.322739034064477,0.81,0.486,1.32174100852914e-13,Transit,Hnrnpul1
Mthfd2.1,9.30471233943509e-18,0.297661019186712,0.681,0.361,1.36807185526714e-13,Transit,Mthfd2
Sdc4.2,9.62394484172414e-18,-1.30339848359728,0.262,0.518,1.4150086100787e-13,Transit,Sdc4
Tceal9.3,1.19807765428407e-17,0.305856131850939,0.719,0.394,1.76153357509387e-13,Transit,Tceal9
Esyt1.2,1.26464037136006e-17,0.358787817897579,0.829,0.505,1.85940073801069e-13,Transit,Esyt1
Btg2.3,1.27097794762913e-17,-0.739861672641002,0.952,0.937,1.8687188763991e-13,Transit,Btg2
Marcks.3,1.53751533402785e-17,-0.714134350527629,0.79,0.908,2.26060879562114e-13,Transit,Marcks
Timp2.3,1.6059181945656e-17,-0.996486829739513,0.5,0.717,2.3611815214698e-13,Transit,Timp2
Commd1,1.6250875236751e-17,0.364431975679357,0.9,0.623,2.3893661860595e-13,Transit,Commd1
Actn4,1.65020085664165e-17,0.391634017067636,0.805,0.522,2.42629031952022e-13,Transit,Actn4
Nubp1,1.94835881019746e-17,0.287527688772457,0.71,0.382,2.86467195863333e-13,Transit,Nubp1
Pnp.1,2.38440424538584e-17,0.497509784381812,0.943,0.799,3.5057895619908e-13,Transit,Pnp
Ppm1g,2.61615331942242e-17,0.293242912156709,0.776,0.444,3.84653022554678e-13,Transit,Ppm1g
Psmd13,2.97807083463293e-17,0.387505075567887,0.914,0.655,4.3786575481608e-13,Transit,Psmd13
Atp5o.1.1,3.09398379897505e-17,0.376128630206246,0.962,0.85,4.54908437963302e-13,Transit,Atp5o.1
Slc25a24,4.00337569808563e-17,0.298586772710319,0.629,0.324,5.8861632888953e-13,Transit,Slc25a24
Clec4e.1,4.00554040749345e-17,0.346899428930367,0.529,0.256,5.88934606113762e-13,Transit,Clec4e
Ogfrl1.1,4.4437921081947e-17,0.32765991581648,0.752,0.426,6.53370753667867e-13,Transit,Ogfrl1
Vps36,5.00746452004176e-17,0.301480164395358,0.81,0.482,7.3624750838174e-13,Transit,Vps36
Mcl1.1,5.4425441698687e-17,-0.477985924472377,0.99,0.975,8.00217269295794e-13,Transit,Mcl1
Mrpl28,5.66435777099065e-17,0.315525731858145,0.781,0.482,8.32830523068755e-13,Transit,Mrpl28
Marcksl1.2,5.75263737033303e-17,-1.05806572043493,0.567,0.71,8.45810272560066e-13,Transit,Marcksl1
Rasgrp2.1,6.56973579855907e-17,0.393482072141272,0.4,0.178,9.6594825446214e-13,Transit,Rasgrp2
Atp1a3.1,6.7210529269985e-17,0.257996212880074,0.476,0.212,9.88196411856589e-13,Transit,Atp1a3
Slc25a5.1,6.79713020021547e-17,0.374325579483414,0.971,0.916,9.99382053337681e-13,Transit,Slc25a5
Apip,6.79901584769334e-17,0.27866857989579,0.59,0.287,9.99659300086352e-13,Transit,Apip
Supt16,7.47978388631639e-17,0.401767879252943,0.819,0.527,1.0997526248051e-12,Transit,Supt16
Tmem167.2,7.8146603788448e-17,0.420991507245541,0.929,0.72,1.14898951550155e-12,Transit,Tmem167
Stag1,8.42164835207783e-17,0.317984356565143,0.719,0.407,1.238234957206e-12,Transit,Stag1
Strap,8.6206869662722e-17,0.33122355288785,0.833,0.508,1.267499604651e-12,Transit,Strap
Elob.1,1.09412948667116e-16,0.356488273492653,0.986,0.942,1.60869858425261e-12,Transit,Elob
Set,1.17871688200634e-16,0.427196486280951,0.967,0.879,1.73306743161392e-12,Transit,Set
Atp5g2,1.23693674670381e-16,0.34399230413156,0.981,0.935,1.81866809867861e-12,Transit,Atp5g2
Phf20l1,1.33326950876286e-16,0.360789681799086,0.686,0.393,1.96030615873403e-12,Transit,Phf20l1
Uqcrfs1.1,1.42728646325434e-16,0.36150243840457,0.924,0.68,2.09853928692286e-12,Transit,Uqcrfs1
Ubald2,1.87696597208312e-16,0.384413719049635,0.876,0.557,2.75970306875381e-12,Transit,Ubald2
Tmem109,2.11714282651784e-16,0.346423784748956,0.795,0.473,3.11283509782919e-12,Transit,Tmem109
Kctd20,2.57972353791607e-16,0.268688583699546,0.543,0.273,3.79296751779799e-12,Transit,Kctd20
Glrx.1,2.766166993854e-16,0.327353166284902,0.762,0.447,4.06709533106354e-12,Transit,Glrx
Arhgdib.3,2.81920561193856e-16,0.567659718404533,0.986,0.961,4.14507801123326e-12,Transit,Arhgdib
Rad50,2.91848438442684e-16,0.250735393876864,0.529,0.246,4.29104759042278e-12,Transit,Rad50
Reep5.1,2.97275212449003e-16,0.338766586620391,0.976,0.911,4.37083744863769e-12,Transit,Reep5
Cmpk1.1,3.22096122386681e-16,0.36881395619273,0.952,0.783,4.73577928745137e-12,Transit,Cmpk1
Vcl,3.54441360675309e-16,0.280041504045436,0.543,0.276,5.21135132600907e-12,Transit,Vcl
Ncf4.2,3.78956251256813e-16,0.440637777002471,0.89,0.685,5.57179376222892e-12,Transit,Ncf4
Nsmce2,3.85966069292676e-16,0.322195558764104,0.619,0.325,5.67485911681022e-12,Transit,Nsmce2
Arl6ip4,3.92382482294951e-16,0.251588996754871,0.605,0.308,5.76919963718266e-12,Transit,Arl6ip4
Fkbp3,4.8371843173568e-16,0.347142456631221,0.81,0.522,7.1121121018097e-12,Transit,Fkbp3
Pbrm1,5.66748300450522e-16,0.368474347864982,0.848,0.6,8.33290026152402e-12,Transit,Pbrm1
Atp11b.1,5.74771929466826e-16,0.309209295405277,0.629,0.338,8.45087167895075e-12,Transit,Atp11b
Ppp1r15a.2,6.30016478996946e-16,-0.69910876033596,0.619,0.736,9.26313229069209e-12,Transit,Ppp1r15a
Mapre1.1,6.37776510659024e-16,0.35433190559796,0.91,0.735,9.37722803621963e-12,Transit,Mapre1
Bcl2a1b.3,6.76564570176036e-16,-0.873863632136507,0.619,0.819,9.94752887529825e-12,Transit,Bcl2a1b
Arpp19,7.03983269804004e-16,0.4296325855321,0.938,0.767,1.03506660159283e-11,Transit,Arpp19
Tpi1,7.23536700551565e-16,0.419151453880302,0.886,0.62,1.06381601082097e-11,Transit,Tpi1
Eed,7.73828792305589e-16,0.28348609936941,0.648,0.341,1.13776047332691e-11,Transit,Eed
Arl6ip6,7.78033137262123e-16,0.257401717779344,0.562,0.262,1.1439421217165e-11,Transit,Arl6ip6
Zfp36.2,7.81368807289707e-16,-0.714531765263572,0.957,0.959,1.14884655735806e-11,Transit,Zfp36
Fkbp2,7.81876969156868e-16,0.377891342718691,0.948,0.765,1.14959370775134e-11,Transit,Fkbp2
Wfdc17.1,7.94921271889124e-16,-1.18705665853414,0.852,0.864,1.16877274605858e-11,Transit,Wfdc17
Adss,8.58374162108678e-16,0.314845570908757,0.671,0.357,1.26206753054839e-11,Transit,Adss
Smarcc1,8.96721941266896e-16,0.324249992094102,0.619,0.338,1.31845027024472e-11,Transit,Smarcc1
Rac2.3,1.05257176581238e-15,0.397707511562019,0.957,0.833,1.54759626727394e-11,Transit,Rac2
Socs3.1,1.22952650285816e-15,-0.821031546995445,0.695,0.83,1.80777281715235e-11,Transit,Socs3
Lage3,1.24805375929511e-15,0.254876387796035,0.648,0.348,1.8350134422916e-11,Transit,Lage3
Ube2e3,1.26627143320411e-15,0.310248039296267,0.771,0.488,1.86179888824e-11,Transit,Ube2e3
S100a8.2,1.32251838622055e-15,4.21095953940217,0.3,0.119,1.94449878326007e-11,Transit,S100a8
Hsp90aa1.1,1.40991171247376e-15,0.421237760692556,0.952,0.905,2.07299319085017e-11,Transit,Hsp90aa1
Lgals3.1,1.46115712335154e-15,0.500738286143703,0.976,0.902,2.14833931846378e-11,Transit,Lgals3
Sms,1.59529167255126e-15,0.335382593250431,0.724,0.427,2.34555734615212e-11,Transit,Sms
Cycs.2,1.62137499330372e-15,0.448410034786713,0.957,0.797,2.38390765265446e-11,Transit,Cycs
Ndufb9.1,1.68598653452999e-15,0.380771624786271,0.967,0.85,2.47890600171945e-11,Transit,Ndufb9
Atp5k.1,1.70150700780988e-15,0.372658207899491,0.967,0.851,2.50172575358287e-11,Transit,Atp5k
Rbpj.2,2.20842222960392e-15,-0.570474574750579,0.805,0.873,3.24704320418665e-11,Transit,Rbpj
Mrpl42,2.40682753465433e-15,0.333192038564948,0.9,0.608,3.53875852420227e-11,Transit,Mrpl42
Oser1,2.49028293779713e-15,0.26075206171585,0.662,0.355,3.66146300344312e-11,Transit,Oser1
Samd1.1,2.76335779803315e-15,0.355258929526747,0.6,0.339,4.06296497044814e-11,Transit,Samd1
Msrb1.2,3.31257968375795e-15,0.714614331490131,0.81,0.586,4.87048590902931e-11,Transit,Msrb1
Cggbp1,3.52153895749615e-15,0.35294659944764,0.871,0.562,5.17771872920658e-11,Transit,Cggbp1
Mgl2.3,4.12433330563171e-15,-0.799002045712557,0.514,0.781,6.06400725927030e-11,Transit,Mgl2
Ndufb7.1,4.39756112283054e-15,0.350019672609354,0.971,0.877,6.46573411889774e-11,Transit,Ndufb7
Dazap1,4.51140964213648e-15,0.328613142534552,0.71,0.43,6.63312559683327e-11,Transit,Dazap1
Laptm5.1,5.13085538714144e-15,-0.379096691788249,0.995,0.984,7.54389667571406e-11,Transit,Laptm5
Sorl1.2,5.6722890745322e-15,0.280866826936455,0.5,0.242,8.33996662628469e-11,Transit,Sorl1
Txnl1,6.05424730704339e-15,0.308243985011054,0.895,0.677,8.90155981554589e-11,Transit,Txnl1
Atp5g3.1,6.78580943891647e-15,0.336899409731475,0.957,0.789,9.97717561803889e-11,Transit,Atp5g3
Mndal.1,9.21016236938398e-15,0.463441228437628,0.862,0.618,1.35417017317053e-10,Transit,Mndal
Pbdc1,1.07886605929545e-14,0.263440971913806,0.748,0.439,1.5862567669821e-10,Transit,Pbdc1
Hist1h1c,1.10462609947814e-14,0.264891440288508,0.567,0.286,1.62413175406271e-10,Transit,Hist1h1c
Lyar,1.12390355217763e-14,0.266542260282144,0.657,0.36,1.65247539276676e-10,Transit,Lyar
Skil.1,1.25428234503542e-14,-0.747461875644158,0.724,0.799,1.84417133190557e-10,Transit,Skil
Rbx1.1,1.28099811524374e-14,0.344136108966457,0.976,0.903,1.88345152884287e-10,Transit,Rbx1
Mrpl13,1.33157355067875e-14,0.267995308382979,0.671,0.38,1.95781259156297e-10,Transit,Mrpl13
Lgals1.3,1.34719203082006e-14,0.403273744350133,0.981,0.926,1.98077644291473e-10,Transit,Lgals1
Ccdc88c.1,1.57985212432859e-14,0.271641748978464,0.319,0.128,2.32285657840033e-10,Transit,Ccdc88c
Pid1.1,1.58682473602565e-14,-0.56384830644605,0.833,0.891,2.33310840937851e-10,Transit,Pid1
Smarcd2,1.64798456221231e-14,0.288013834489238,0.648,0.343,2.42303170182076e-10,Transit,Smarcd2
Ndufa4.2,1.73639366158311e-14,0.46229256522816,0.967,0.864,2.55301960062564e-10,Transit,Ndufa4
Cnih4,1.86595529301553e-14,0.328555541114035,0.905,0.739,2.74351406732073e-10,Transit,Cnih4
Fcgrt.3,2.00419036829126e-14,-0.871664793181553,0.514,0.655,2.94676109849863e-10,Transit,Fcgrt
Phf5a,2.14798084727703e-14,0.296151713327108,0.814,0.529,3.15817623975142e-10,Transit,Phf5a
Erp29,2.39806204323725e-14,0.301806286898208,0.981,0.933,3.52587062217173e-10,Transit,Erp29
Adgre1.3,2.71112197424804e-14,-0.698008936339346,0.667,0.767,3.9861626387369e-10,Transit,Adgre1
Trem3.1,2.89613940682054e-14,0.301414621409964,0.31,0.127,4.25819376984825e-10,Transit,Trem3
Trappc1,2.98324500948864e-14,0.324283708150969,0.776,0.527,4.38626513745115e-10,Transit,Trappc1
G6pdx.1,3.06949629221319e-14,0.266586523909355,0.7,0.392,4.51308039844105e-10,Transit,G6pdx
Srsf10,3.45010269886002e-14,0.355816206753652,0.776,0.49,5.07268599813389e-10,Transit,Srsf10
H1f0,3.79653768339778e-14,0.317637876624772,0.538,0.278,5.58204935589976e-10,Transit,H1f0
Clec2d.2,4.01810224344141e-14,-0.652695256325857,0.462,0.62,5.9078157285319e-10,Transit,Clec2d
Aprt.2,4.75679369021026e-14,0.56089724818314,0.838,0.649,6.99391376271615e-10,Transit,Aprt
Ndufv1,5.34325417805193e-14,0.265726032005152,0.748,0.454,7.85618661798975e-10,Transit,Ndufv1
Rpl5,6.04140316010813e-14,-0.29910970531057,0.986,0.977,8.88267506630698e-10,Transit,Rpl5
Rps14,6.17769079411559e-14,-0.274034364235225,0.995,0.99,9.08305877458815e-10,Transit,Rps14
Bcas2,6.27236487021584e-14,0.297357430036119,0.843,0.566,9.22225806867834e-10,Transit,Bcas2
Rpl17,6.38335950212365e-14,-0.291868301053605,1,0.989,9.3854534759724e-10,Transit,Rpl17
Slfn1.1,6.6242948693998e-14,0.29814538542747,0.376,0.169,9.73970074647853e-10,Transit,Slfn1
Kdm6b.3,7.01589552424324e-14,-0.674195640355202,0.871,0.868,1.03154711892948e-09,Transit,Kdm6b
Rpl10.1,7.76121290742779e-14,-0.294523319391755,0.99,0.987,1.14113113377911e-09,Transit,Rpl10
Taldo1.2,8.34958744832392e-14,0.420735397074398,0.962,0.89,1.22763984252707e-09,Transit,Taldo1
Eef1a1,9.24735189999842e-14,-0.258489216398426,0.99,0.997,1.35963814985677e-09,Transit,Eef1a1
Pom121,9.61100451395104e-14,0.260760757948094,0.505,0.247,1.41310599368622e-09,Transit,Pom121
Trem1.2,9.61146753603413e-14,0.281629820193998,0.448,0.217,1.4131740718231e-09,Transit,Trem1
Sqstm1.2,1.0308693791752e-13,-0.731953460346548,0.629,0.72,1.51568724820129e-09,Transit,Sqstm1
Ddx39b,1.08737815259578e-13,0.332993042281007,0.881,0.663,1.59877209776158e-09,Transit,Ddx39b
Acat1.1,1.208381418729e-13,0.265891594400758,0.8,0.512,1.77668319995725e-09,Transit,Acat1
Atp5c1.1,1.23953095547654e-13,0.314958083960686,0.976,0.882,1.82248236383716e-09,Transit,Atp5c1
Itm2c.1,1.45199532932943e-13,-0.483062005687786,0.681,0.721,2.13486873271306e-09,Transit,Itm2c
Ifi209.2,1.54518682035332e-13,0.431704038477896,0.662,0.412,2.27188818196548e-09,Transit,Ifi209
Cox8a.1,1.6607990529173e-13,0.270397908669637,0.99,0.972,2.4418728475043e-09,Transit,Cox8a
Srrm1,1.67693959612573e-13,0.410654245280449,0.933,0.676,2.46560428818366e-09,Transit,Srrm1
Rpl30,1.72916331633515e-13,-0.257196222321205,0.995,0.99,2.54238882400757e-09,Transit,Rpl30
Ppp1r2,1.81253006423911e-13,0.289725508286394,0.824,0.558,2.66496295345076e-09,Transit,Ppp1r2
Tap1.1,1.90602933649074e-13,0.273989092772265,0.814,0.517,2.80243493344234e-09,Transit,Tap1
Mfsd14b,2.0946572460555e-13,0.299815648953845,0.705,0.412,3.0797745488754e-09,Transit,Mfsd14b
Spp1,2.11369172144319e-13,0.320116956223191,0.405,0.189,3.10776093803792e-09,Transit,Spp1
Ndufb3.1,2.42045443880551e-13,0.364149388267856,0.933,0.783,3.55879416137573e-09,Transit,Ndufb3
Pfdn6,2.57043572231665e-13,0.291939764181424,0.876,0.575,3.77931164252217e-09,Transit,Pfdn6
Cox6a1.1,2.63100277374951e-13,0.304553690870471,0.986,0.917,3.86836337824391e-09,Transit,Cox6a1
Ak2,2.64190110708704e-13,0.25785598186817,0.79,0.468,3.88438719775008e-09,Transit,Ak2
H2-DMa.3,2.79497350047047e-13,-0.692667744225451,0.871,0.862,4.10944953774174e-09,Transit,H2-DMa
Ccar1,3.31753888841918e-13,0.311010986002294,0.762,0.482,4.87777742764272e-09,Transit,Ccar1
Polr2j,3.35900906393268e-13,0.286341068996531,0.867,0.623,4.93875102670022e-09,Transit,Polr2j
Tmem14c.1,3.3919180140792e-13,0.33783816552495,0.929,0.839,4.98713705610065e-09,Transit,Tmem14c
Paics,3.97267371019848e-13,0.269659187426122,0.71,0.425,5.84102215610482e-09,Transit,Paics
Ube2l3.1,4.58038965483139e-13,0.302521409807025,0.948,0.802,6.73454690949859e-09,Transit,Ube2l3
Ggnbp2,4.88174594363952e-13,0.250614375668408,0.752,0.434,7.17763106093319e-09,Transit,Ggnbp2
Ndufa3.2,5.0532467555992e-13,0.338005166547548,0.962,0.81,7.42978870475751e-09,Transit,Ndufa3
Ywhaq,5.09268402605905e-13,0.299789040764795,0.952,0.786,7.48777332351462e-09,Transit,Ywhaq
Mrps17,5.10060570809736e-13,0.262730513256564,0.767,0.461,7.49942057261554e-09,Transit,Mrps17
Psma7.2,5.45750623930867e-13,0.4979923438564,0.976,0.915,8.02417142365554e-09,Transit,Psma7
Nans,6.12966034913102e-13,0.266888013428832,0.719,0.441,9.01243961132734e-09,Transit,Nans
Stub1.2,6.87104588208864e-13,0.273943948154838,0.752,0.503,1.01024987604349e-08,Transit,Stub1
Hnrnpk,7.53857075709269e-13,0.299502514020344,1,0.926,1.10839605841534e-08,Transit,Hnrnpk
Rtn3,7.8387491304773e-13,0.293397058574136,0.895,0.658,1.15253128465408e-08,Transit,Rtn3
Eif1.1,8.03346152256927e-13,-0.271772305995448,1,0.993,1.18115984766336e-08,Transit,Eif1
Osm.1,8.16604219713465e-13,0.385611166487197,0.552,0.318,1.20065318424471e-08,Transit,Osm
Tmem165.2,8.30230678607123e-13,0.284957429631917,0.7,0.415,1.22068816675605e-08,Transit,Tmem165
Esd.1,1.02158867679198e-12,0.337323858582809,0.952,0.791,1.50204183148725e-08,Transit,Esd
Pltp.3,1.10781513281372e-12,-0.704629981659264,0.51,0.72,1.62882058977601e-08,Transit,Pltp
Abracl.2,1.22519253569848e-12,0.315067980470918,0.981,0.87,1.80140058523748e-08,Transit,Abracl
Ppp2r5a.1,1.2934927715231e-12,0.4121733391614,0.786,0.542,1.90182242197042e-08,Transit,Ppp2r5a
Gtf2a2,1.31031693719722e-12,0.274702537140205,0.757,0.488,1.92655899276108e-08,Transit,Gtf2a2
Tsn,1.33287946855049e-12,0.304040565162405,0.881,0.65,1.95973268260979e-08,Transit,Tsn
Sf3b2,1.33580067726305e-12,0.349118164937279,0.91,0.723,1.96402773577986e-08,Transit,Sf3b2
Gtf2h5,1.37153083643292e-12,0.292950400956665,0.89,0.667,2.01656178880732e-08,Transit,Gtf2h5
Hnrnpr,1.3938463591247e-12,0.270617811718153,0.724,0.434,2.04937230182105e-08,Transit,Hnrnpr
Scaf11,1.57684199240543e-12,0.307622771864522,0.8,0.536,2.3184307814337e-08,Transit,Scaf11
Kctd12.3,1.58539553046162e-12,-0.74201234105916,0.91,0.883,2.33100704843772e-08,Transit,Kctd12
Ewsr1,1.59051470424606e-12,0.269447225145525,0.919,0.642,2.33853376965299e-08,Transit,Ewsr1
Ddx5.1,1.6574640724731e-12,-0.406398217715408,0.976,0.98,2.4369694257572e-08,Transit,Ddx5
Ier5.1,1.74730003939153e-12,-0.575557049359487,0.829,0.868,2.56905524791737e-08,Transit,Ier5
Mpc2.1,2.27295455267936e-12,0.295662701942316,0.91,0.687,3.34192507880446e-08,Transit,Mpc2
Plbd1.2,2.4490038537374e-12,-0.65871108910242,0.81,0.796,3.6007703661501e-08,Transit,Plbd1
Sypl,3.01222434329868e-12,0.272388030300515,0.748,0.472,4.42887345195204e-08,Transit,Sypl
Pira2.3,3.14004312260623e-12,0.32920893387749,0.719,0.458,4.61680540316795e-08,Transit,Pira2
Emg1,3.14321798966724e-12,0.327930093723274,0.929,0.664,4.62147341020774e-08,Transit,Emg1
Psmd14,3.33122119765567e-12,0.302312537049615,0.857,0.596,4.89789452691313e-08,Transit,Psmd14
Ms4a4c.2,3.39010968890808e-12,0.756437276239777,0.667,0.45,4.98447827560155e-08,Transit,Ms4a4c
Ap3s1.1,3.45486621506483e-12,0.319757194479659,0.71,0.454,5.07968979600982e-08,Transit,Ap3s1
Kdelr2,3.54848419165503e-12,0.265278474376581,0.824,0.561,5.2173363069904e-08,Transit,Kdelr2
Ap1s2.1,3.59509332414903e-12,0.305325463363363,0.843,0.573,5.28586571449633e-08,Transit,Ap1s2
Psme2.2,3.66344611236434e-12,0.343400406104783,0.967,0.809,5.38636481900929e-08,Transit,Psme2
Cd300c2.1,5.20498969866592e-12,-0.598499553103536,0.619,0.746,7.6528963539485e-08,Transit,Cd300c2
Hfe.3,5.25227555579874e-12,-0.600906627476613,0.486,0.596,7.72242074969089e-08,Transit,Hfe
Fkbp4,5.62224352174956e-12,0.252397505861893,0.786,0.51,8.26638465002839e-08,Transit,Fkbp4
Psmb8.3,5.96791137604095e-12,0.331645897199965,0.971,0.909,8.77462009619301e-08,Transit,Psmb8
Picalm.1,6.04099932444841e-12,-0.532567539438918,0.919,0.907,8.8820813067365e-08,Transit,Picalm
Egr1.3,6.33535244585587e-12,-0.904405671789,0.776,0.848,9.31486870114188e-08,Transit,Egr1
Srgn.2,7.17862789449913e-12,-0.503734306437863,0.981,0.961,1.05547365932821e-07,Transit,Srgn
Sfpq,8.21261328399296e-12,0.346564891524382,0.967,0.786,1.20750053114549e-07,Transit,Sfpq
Tmco1,8.39383984374854e-12,0.28752965313799,0.89,0.692,1.23414627222635e-07,Transit,Tmco1
Selenop.3,1.11578852476159e-11,-1.50071369420292,0.724,0.765,1.64054386795697e-07,Transit,Selenop
Psmc3,1.11595200781261e-11,0.280024989500587,0.9,0.702,1.64078423708688e-07,Transit,Psmc3
Rps11.2,1.15946209807811e-11,-0.289176245318899,1,0.992,1.70475712280425e-07,Transit,Rps11
Mtch1.1,1.24224497309999e-11,0.256859288939636,0.838,0.582,1.82647278394892e-07,Transit,Mtch1
C1qb.3,1.29705646382264e-11,-1.04330904236061,0.495,0.678,1.90706211875842e-07,Transit,C1qb
Sp100.2,1.31344796727418e-11,0.422690113438649,0.819,0.571,1.93116254628322e-07,Transit,Sp100
Add3.2,1.32628445243327e-11,0.305713108132145,0.81,0.515,1.95003603041264e-07,Transit,Add3
Babam2,1.38464074050304e-11,0.257908346410075,0.648,0.368,2.03583728076161e-07,Transit,Babam2
Snrpd3.1,1.51261834793385e-11,0.334918653189309,0.938,0.757,2.22400275696714e-07,Transit,Snrpd3
Apobec3,1.54006732092667e-11,0.364319378000491,0.748,0.501,2.26436098195849e-07,Transit,Apobec3
Pdap1,1.55919549215557e-11,0.316595934471623,0.867,0.625,2.29248513211633e-07,Transit,Pdap1
Aurkaip1.1,1.72610867037156e-11,0.321377607641609,0.91,0.659,2.53789757804731e-07,Transit,Aurkaip1
Hnrnpul2,1.74653519096464e-11,0.271453902019807,0.838,0.57,2.56793069127531e-07,Transit,Hnrnpul2
Ccnd1.3,1.82117861480008e-11,-0.697187232325264,0.486,0.68,2.67767891734055e-07,Transit,Ccnd1
Cct7,1.840335040446e-11,0.332375220974972,0.929,0.701,2.70584460996775e-07,Transit,Cct7
Tubb2a.2,1.8421185857573e-11,0.267845415854376,0.781,0.525,2.70846695663895e-07,Transit,Tubb2a
Eif4a3,1.87193698503063e-11,0.285013234113121,0.824,0.53,2.75230894909053e-07,Transit,Eif4a3
Cd81.3,1.87664242434232e-11,-0.680960457462274,0.6,0.791,2.75922735651051e-07,Transit,Cd81
Luc7l3,1.88110818184753e-11,0.252855900416604,0.71,0.44,2.76579335977042e-07,Transit,Luc7l3
Med8,2.07599949297915e-11,0.250226474607079,0.71,0.402,3.05234205452725e-07,Transit,Med8
Flna.2,2.089845374808e-11,0.294125562887494,0.948,0.836,3.0726996545802e-07,Transit,Flna
Klf6.3,2.37540546554248e-11,-0.76700919871989,0.933,0.926,3.4925586559871e-07,Transit,Klf6
Dbi.2,2.61649334952719e-11,0.32994675321113,0.957,0.935,3.84703017180983e-07,Transit,Dbi
Ifi211.2,2.73820695642835e-11,0.342031432338199,0.519,0.303,4.0259856880366e-07,Transit,Ifi211
Higd1a.2,2.81575430681327e-11,0.272064357179179,0.886,0.611,4.14000355730755e-07,Transit,Higd1a
Tkt.2,3.12182405171438e-11,0.343773874880788,0.967,0.86,4.59001790323565e-07,Transit,Tkt
Mrps15,3.16034915666292e-11,0.25791160082267,0.81,0.576,4.64666136504149e-07,Transit,Mrps15
Cdk2ap1,3.19343153748818e-11,0.261254252662788,0.752,0.51,4.69530238956887e-07,Transit,Cdk2ap1
Rac1.1,3.73057693241443e-11,0.26973727004671,0.981,0.928,5.48506726372893e-07,Transit,Rac1
Psma1.1,3.79236972015351e-11,0.290998770491206,0.967,0.781,5.57592119954171e-07,Transit,Psma1
Ftl1.3,3.88137163662461e-11,-0.498063058298563,1,0.998,5.70678071732916e-07,Transit,Ftl1
Luc7l2,4.18287414600495e-11,0.251814376649856,0.943,0.767,6.15007985687108e-07,Transit,Luc7l2
Apoe.2,4.20684192092031e-11,-3.27542587743629,0.514,0.601,6.18531967632914e-07,Transit,Apoe
Med21,4.34931929288392e-11,0.264742326223771,0.71,0.421,6.39480415632722e-07,Transit,Med21
Tagln2.1,4.60684452478855e-11,0.395617789267448,0.99,0.964,6.7734435047966e-07,Transit,Tagln2
Lgmn.3,4.64744683259553e-11,-0.742350712561771,0.71,0.778,6.83314107796521e-07,Transit,Lgmn
Bcl2a1d.3,5.37902966155271e-11,-0.754074510615806,0.576,0.715,7.90878731138095e-07,Transit,Bcl2a1d
Cfh.3,5.82721869818462e-11,-0.94941698777352,0.495,0.622,8.56775965194084e-07,Transit,Cfh
Frg1,6.31920723039828e-11,0.311952736703441,0.805,0.54,9.29113039085459e-07,Transit,Frg1
Sf3b6.2,6.57199542081755e-11,0.293693759108513,0.933,0.833,9.66280486722804e-07,Transit,Sf3b6
C1qa.3,6.8002213427486e-11,-1.28060109521368,0.476,0.631,9.99836544024327e-07,Transit,C1qa
Ndufa2,8.60487941561741e-11,0.266678235968509,0.967,0.913,1.26517542047823e-06,Transit,Ndufa2
Vdac1,8.61519970620455e-11,0.27510020658257,0.843,0.609,1.26669281280325e-06,Transit,Vdac1
Gm21188.2,8.80822768517181e-11,0.39112182559921,0.757,0.544,1.29507371655081e-06,Transit,Gm21188
Selenow,9.03302553332452e-11,-0.392014928058729,0.895,0.882,1.3281257441647e-06,Transit,Selenow
Tpm4.2,9.35457765926637e-11,0.320809042432411,0.962,0.845,1.37540355324193e-06,Transit,Tpm4
Uqcrq.1,1.05937157924998e-10,0.257653135668988,0.981,0.893,1.55759403297125e-06,Transit,Uqcrq
Tma7.2,1.06743889819334e-10,0.281422456367102,0.976,0.899,1.56945541201367e-06,Transit,Tma7
Soat1.1,1.13192619319937e-10,0.321714225091679,0.762,0.507,1.66427108186104e-06,Transit,Soat1
Rasgef1b.2,1.16407768697703e-10,-0.651956786253425,0.31,0.477,1.71154342316233e-06,Transit,Rasgef1b
Npm3,1.31528553153106e-10,0.297120524109222,0.743,0.481,1.93386431701012e-06,Transit,Npm3
Ptges3,1.45018292867439e-10,0.261064448102239,0.948,0.803,2.13220396002996e-06,Transit,Ptges3
Ndufs4.1,1.45897670585696e-10,0.299106440909204,0.857,0.603,2.14513345062148e-06,Transit,Ndufs4
Selplg.2,1.58527656182148e-10,0.283829917272779,0.938,0.795,2.33083212884612e-06,Transit,Selplg
Ybx3.1,1.60366549188839e-10,0.273216245807692,0.867,0.608,2.3578693727235e-06,Transit,Ybx3
Cd9.2,1.73105971779209e-10,-0.698257086201202,0.633,0.763,2.54517710306971e-06,Transit,Cd9
Sarnp,2.15792825083249e-10,0.3027128802188,0.933,0.755,3.17280190719901e-06,Transit,Sarnp
Cd63.3,2.54872837786695e-10,-1.16288888821372,0.238,0.415,3.74739533397778e-06,Transit,Cd63
Dnajc8,2.55034464561307e-10,0.282823918333915,0.905,0.688,3.74977173244489e-06,Transit,Dnajc8
Ctsh,2.63891022961589e-10,-0.370940526163236,0.952,0.953,3.87998971060424e-06,Transit,Ctsh
Cxcl16.3,2.71367038201998e-10,-0.538348934693213,0.462,0.663,3.98990956268397e-06,Transit,Cxcl16
Tmem256,3.00982638699113e-10,0.298856333804138,0.943,0.779,4.42534773679306e-06,Transit,Tmem256
Etv3.3,3.19492197494157e-10,-1.00405420417061,0.624,0.668,4.69749377975659e-06,Transit,Etv3
Gns.3,3.23493119997124e-10,-0.516002363007613,0.481,0.588,4.75631934331772e-06,Transit,Gns
Ptafr.1,3.40317633268168e-10,-0.538878652038232,0.676,0.728,5.00369016194187e-06,Transit,Ptafr
Snf8.1,3.46780449485345e-10,0.276115464749178,0.838,0.599,5.09871294878302e-06,Transit,Snf8
Ywhab.1,3.47445560586869e-10,0.282472525311622,0.952,0.854,5.10849207730873e-06,Transit,Ywhab
Sept7.1,3.69205940544777e-10,0.287360271527687,0.971,0.837,5.42843494382986e-06,Transit,Sept7
Prpf40a,3.86326398057702e-10,0.27134761943806,0.9,0.641,5.6801570306424e-06,Transit,Prpf40a
Ndufb6,4.04753147394783e-10,0.265307650092719,0.881,0.659,5.9510855261455e-06,Transit,Ndufb6
Rabac1.2,4.35165498292841e-10,-0.416138108138854,0.89,0.853,6.39823832139965e-06,Transit,Rabac1
Ndufb5.1,4.69556538059661e-10,0.25107424940333,0.948,0.8,6.9038897790912e-06,Transit,Ndufb5
Atpif1.1,5.70749466681433e-10,0.254293650102339,0.981,0.924,8.39172940861711e-06,Transit,Atpif1
Anxa2.3,5.73441457742055e-10,0.357339681223186,0.986,0.874,8.43130975318144e-06,Transit,Anxa2
S100a10.2,6.28069242905359e-10,0.342594284740496,0.981,0.95,9.2345020784375e-06,Transit,S100a10
C3ar1.3,6.30801816829954e-10,-0.789876078027918,0.357,0.507,9.27467911285081e-06,Transit,C3ar1
Mtpn,6.49914738279883e-10,0.270972255387256,0.919,0.763,9.55569639692913e-06,Transit,Mtpn
Wnk1.1,6.84038284528074e-10,-0.551649122046134,0.91,0.894,1.00574148974163e-05,Transit,Wnk1
Gmfg.2,6.91263357443366e-10,0.339051894354847,0.952,0.843,1.01636451444898e-05,Transit,Gmfg
Fis1.1,7.16117594382752e-10,0.358210872670628,0.924,0.764,1.05290769902096e-05,Transit,Fis1
Idh3g,7.19739524059863e-10,0.288327067075406,0.838,0.59,1.05823302222522e-05,Transit,Idh3g
Zc3h12a.1,7.40540490256813e-10,-0.472515545708238,0.467,0.576,1.08881668282459e-05,Transit,Zc3h12a
Psmb2.1,7.66572725210577e-10,0.311341743311714,0.933,0.813,1.12709187787711e-05,Transit,Psmb2
Ccnl1.1,8.50289425659619e-10,-0.420649432946412,0.91,0.893,1.25018054254734e-05,Transit,Ccnl1
Cmtm7.1,8.7933703729707e-10,0.317849427077248,0.91,0.771,1.29288924593788e-05,Transit,Cmtm7
Ndufa11.1,9.2267551721122e-10,0.252479170947692,0.929,0.742,1.35660981295566e-05,Transit,Ndufa11
Sdhb.1,9.89608450970494e-10,0.288528744494115,0.938,0.711,1.45502130546192e-05,Transit,Sdhb
Rgs1.2,1.10718531317753e-09,-1.20908431013199,0.39,0.555,1.62789456596492e-05,Transit,Rgs1
Hnrnpa1,1.14423097090698e-09,0.266587946595231,0.938,0.834,1.68236279652453e-05,Transit,Hnrnpa1
Tnip3.3,1.34196029180014e-09,-0.876806768458,0.476,0.668,1.97308421703375e-05,Transit,Tnip3
Slfn5.1,1.38936157205386e-09,-0.54091349497256,0.41,0.554,2.04277831939079e-05,Transit,Slfn5
Cops6,1.45405722662049e-09,0.271161339173437,0.848,0.562,2.13790034030011e-05,Transit,Cops6
H2-DMb1.3,1.87472622046395e-09,-0.545991140468441,0.743,0.824,2.75640996194814e-05,Transit,H2-DMb1
Smpdl3a.2,1.98501572611807e-09,0.497591513918094,0.729,0.532,2.9185686221114e-05,Transit,Smpdl3a
Psma2.1,2.10871441724125e-09,0.27311516070077,0.971,0.843,3.10044280766981e-05,Transit,Psma2
Emilin2.1,2.27504327865095e-09,0.31592227202873,0.71,0.476,3.34499613260049e-05,Transit,Emilin2
C1qc.3,2.42474417797807e-09,-1.11360244969283,0.452,0.594,3.56510136488115e-05,Transit,C1qc
Sem1.1,2.7498560288205e-09,0.296443088814082,1,0.971,4.04311331917479e-05,Transit,Sem1
Tnfaip3.2,2.98234964144804e-09,-0.592100632864315,0.7,0.766,4.38494867782106e-05,Transit,Tnfaip3
Ppp2ca,3.37711612703204e-09,0.269562232665161,0.976,0.829,4.9653738415752e-05,Transit,Ppp2ca
Klf13.1,3.50062072216914e-09,0.308648358241152,0.914,0.674,5.14696264780529e-05,Transit,Klf13
Cd163.2,3.96871431797478e-09,-0.898496528750738,0.157,0.336,5.83520066171832e-05,Transit,Cd163
Ptpn6.1,4.02151473945604e-09,0.272781522457279,0.943,0.776,5.91283312142222e-05,Transit,Ptpn6
Ms4a7.3,4.40121664520744e-09,-0.9371950225952,0.148,0.328,6.47110883344849e-05,Transit,Ms4a7
Lrp1.2,4.5906104546496e-09,-0.445638358436759,0.643,0.713,6.74957455147131e-05,Transit,Lrp1
Degs1.1,4.73708386971119e-09,0.307319050509777,0.91,0.67,6.96493441363636e-05,Transit,Degs1
Ms4a6c.2,5.5023594433126e-09,0.542708302911132,0.952,0.871,8.09011908950251e-05,Transit,Ms4a6c
Mtss1.2,5.53808055119688e-09,-0.486900323569598,0.462,0.606,8.14263983442477e-05,Transit,Mtss1
Ssr1,5.61519986837316e-09,0.252643648170011,0.876,0.674,8.25602836646905e-05,Transit,Ssr1
Igf1.3,6.05556846756865e-09,-0.745743932891847,0.052,0.214,8.90350231786618e-05,Transit,Igf1
Cetn3,6.20385047009794e-09,0.275225150937358,0.848,0.613,9.121521346185e-05,Transit,Cetn3
Eps8.3,6.26058935386704e-09,-0.486291022282322,0.667,0.74,9.20494452699071e-05,Transit,Eps8
Srp19.1,6.40496997631457e-09,0.293496207252373,0.833,0.581,9.41722735617531e-05,Transit,Srp19
Rpl22l1.1,7.02311056583715e-09,0.29594509642539,0.962,0.887,0.000103260794649504,Transit,Rpl22l1
Hmgn1.1,7.23220503381354e-09,0.562622371553632,0.667,0.547,0.000106335110612161,Transit,Hmgn1
Scand1.2,8.11627092252139e-09,0.306493661728047,0.952,0.847,0.000119333531373832,Transit,Scand1
Ndfip1.1,8.30230038823332e-09,-0.375762962085537,0.89,0.874,0.000122068722608194,Transit,Ndfip1
Jmjd1c.2,1.04670157829575e-08,-0.514538922392923,0.7,0.74,0.000153896533056825,Transit,Jmjd1c
Eno1.2,1.26025568051689e-08,0.283600507462637,0.938,0.777,0.000185295392706398,Transit,Eno1
mt-Nd2.3,1.35042599981205e-08,-0.385866680996921,0.995,0.992,0.000198553134752365,Transit,mt-Nd2
Actg1.2,1.4456072703677e-08,0.258065428039497,0.995,0.994,0.000212547636962163,Transit,Actg1
Ndufs5,1.48813287301869e-08,0.250994917612067,0.933,0.779,0.000218800176319938,Transit,Ndufs5
Mcemp1.3,1.54554753752547e-08,0.262259491855919,0.681,0.458,0.000227241854442369,Transit,Mcemp1
Mxd4,1.60615228629865e-08,-0.379776185649866,0.262,0.411,0.00023615257065449,Transit,Mxd4
Akirin2,1.66439130039049e-08,0.25222331075323,0.695,0.451,0.000244715452896413,Transit,Akirin2
Vapa.2,1.78116485723665e-08,0.300275863641692,0.919,0.807,0.000261884668959505,Transit,Vapa
Cd53,2.13485805538594e-08,-0.316643726848185,0.952,0.93,0.000313888179883395,Transit,Cd53
Cd209a.3,2.14867206024168e-08,-1.31705692465332,0.295,0.452,0.000315919253017334,Transit,Cd209a
Tpr,2.22884262868472e-08,0.259980334655337,0.957,0.802,0.000327706731695514,Transit,Tpr
Eid1.3,2.6676255408648e-08,-0.390562069835342,0.605,0.676,0.000392220983273351,Transit,Eid1
Mob4,2.87037255382228e-08,0.272988217698921,0.748,0.472,0.00042203087658849,Transit,Mob4
C5ar1.3,3.23141553298946e-08,-1.00272120784541,0.319,0.45,0.00047511502581544,Transit,C5ar1
Tomm22,3.77785321064518e-08,0.250966082128939,0.919,0.774,0.000555457757561161,Transit,Tomm22
Ifrd1.1,3.86577001221616e-08,-0.504419913551805,0.886,0.844,0.000568384164896143,Transit,Ifrd1
Snap23.1,4.03557551263297e-08,-0.376713802830987,0.61,0.656,0.000593350667622425,Transit,Snap23
Ccnd2.3,4.25369422902624e-08,-0.677884190030331,0.39,0.522,0.000625420662493729,Transit,Ccnd2
Acvrl1.1,4.50289515255396e-08,-0.417572440827596,0.381,0.49,0.000662060674280008,Transit,Acvrl1
BC028528.2,5.84932540762683e-08,-0.425166658002967,0.705,0.688,0.000860026314683373,Transit,BC028528
Dynll1,6.09727762998535e-08,0.35504818325413,0.971,0.922,0.000896482729936746,Transit,Dynll1
Fcgr3.2,6.4795571373255e-08,-0.526331624785457,0.881,0.842,0.000952689285900968,Transit,Fcgr3
Pf4.3,7.28232657089734e-08,-1.64704869371176,0.305,0.445,0.00107072047571904,Transit,Pf4
Rtn4.3,7.3318958465676e-08,-0.371704295641716,0.924,0.906,0.00107800864632083,Transit,Rtn4
S100a11.3,7.40376224882787e-08,0.260414894654721,0.967,0.899,0.00108857516344516,Transit,S100a11
Atf3.3,8.34411568601495e-08,-0.822706979664414,0.886,0.879,0.00122683532931478,Transit,Atf3
Tgif1.1,8.99564238851567e-08,-0.459946603802488,0.471,0.569,0.00132262930038346,Transit,Tgif1
Clec4a3.1,1.04063744286373e-07,-0.474923604975258,0.733,0.755,0.00153004923224254,Transit,Clec4a3
Zfand5.3,1.06250495971656e-07,-0.583141101881486,0.876,0.872,0.00156220104227126,Transit,Zfand5
Coro1a.3,1.06998541770445e-07,0.302540020105448,0.99,0.943,0.00157319955965085,Transit,Coro1a
Tax1bp1,1.5409141226065e-07,0.260024137093257,0.91,0.771,0.00226560603446834,Transit,Tax1bp1
Smagp.3,1.64791543225162e-07,-0.341711777461495,0.138,0.289,0.00242293006003956,Transit,Smagp
Calr,1.77186534026392e-07,-0.364809557498333,0.962,0.956,0.00260517360979004,Transit,Calr
Folr2.3,1.78963124791418e-07,-1.32156881465596,0.09,0.239,0.00263129482380822,Transit,Folr2
P4hb,2.12670758309852e-07,0.265707205631672,0.929,0.737,0.00312689815942975,Transit,P4hb
Rel.3,2.16847075361154e-07,-0.603984938029944,0.848,0.797,0.00318830254903504,Transit,Rel
Lilr4b.3,2.18324290183462e-07,-0.529912995557319,0.567,0.626,0.00321002203856745,Transit,Lilr4b
Ctsb.2,2.22620433944605e-07,-0.750391348343067,0.99,0.966,0.00327318824028753,Transit,Ctsb
Prdx5.3,2.56775302147279e-07,0.77186354844925,0.919,0.843,0.00377536726747144,Transit,Prdx5
F13a1.3,2.68738868407494e-07,0.358574653191473,0.524,0.369,0.00395126758219538,Transit,F13a1
Rgl1.3,2.72098478893484e-07,-0.560197985683746,0.143,0.282,0.0040006639351709,Transit,Rgl1
S100a4.3,3.41381489801503e-07,0.299433971511301,0.981,0.861,0.00501933204455149,Transit,S100a4
Pnrc1.1,3.83806853274673e-07,-0.407131843041419,0.876,0.846,0.00564311216369752,Transit,Pnrc1
Icam1.3,3.86469095063606e-07,-0.533779755155125,0.514,0.605,0.0056822551047202,Transit,Icam1
Clec10a.1,4.13013861416956e-07,-0.885292526726025,0.348,0.455,0.00607254280441351,Transit,Clec10a
Tra2b,4.80087473331769e-07,0.254054920499134,0.919,0.764,0.00705872612039699,Transit,Tra2b
Pea15a.3,6.23141594878959e-07,-0.409237763790756,0.524,0.623,0.00916205086950534,Transit,Pea15a
Asah1.2,6.39929760815598e-07,-0.344760485060327,0.876,0.828,0.00940888727327174,Transit,Asah1
Basp1.3,6.40509909130886e-07,-0.456602499421221,0.419,0.552,0.00941741719395141,Transit,Basp1
